{
  "results": [
    {
      "command": "generated/clang_tcc_asan -I/home/livian/tcc_bench/tinycc/include -c testfiles/speedbench.c",
      "mean": 0.13951842028500006,
      "stddev": 0.0031126401702837314,
      "median": 0.13929109782000001,
      "user": 0.12446711499999999,
      "system": 0.015127572999999997,
      "min": 0.13141587882000003,
      "max": 0.15057756082,
      "times": [
        0.13886773882000003,
        0.14591899482,
        0.14576588582000002,
        0.14041716082000003,
        0.13697699582000003,
        0.14480986982000002,
        0.14431887582000003,
        0.14028338582000002,
        0.13721106082,
        0.14238133382,
        0.13666154182,
        0.13985726382000002,
        0.13956994482,
        0.14133159182000002,
        0.13445449882000002,
        0.13730478982000002,
        0.13655471082,
        0.13496027182000003,
        0.13877687482000003,
        0.14323205382,
        0.14070235382000001,
        0.14051270182000003,
        0.13627650882000003,
        0.13641629682000003,
        0.14038223282000004,
        0.15057756082,
        0.13933091082000001,
        0.13863345082000003,
        0.14035241782000002,
        0.13622126582000002,
        0.14258798582,
        0.14131050282000002,
        0.14010663782000002,
        0.13883449982,
        0.13633451482000003,
        0.13801712682000003,
        0.14108938082000003,
        0.14103743182000003,
        0.14056496182000003,
        0.13659144982000002,
        0.14055012682,
        0.13675490782000002,
        0.13591912782,
        0.14099127482,
        0.13505645482000003,
        0.13664230782000003,
        0.14176763282000002,
        0.14218028982000003,
        0.13583957782000003,
        0.14513153282000002,
        0.13866848882000002,
        0.13820959382000003,
        0.13781587382000002,
        0.14025164482000002,
        0.14701048282,
        0.13946889382000002,
        0.13930121382000002,
        0.13533734982,
        0.13141587882000003,
        0.14380609682000003,
        0.13750837782000003,
        0.14298698582000002,
        0.13739985082000003,
        0.13571579182000001,
        0.13588589582000002,
        0.13691642882000002,
        0.14039781382000002,
        0.14416339782,
        0.14280084582000002,
        0.13890588082000002,
        0.13710430282000002,
        0.13766077782000002,
        0.14220612882000003,
        0.14422630782,
        0.14160690782000002,
        0.13873625682000001,
        0.13697576182,
        0.13918470182000003,
        0.14135035782000002,
        0.13553813382000002,
        0.13919243582000002,
        0.13966717182000002,
        0.13525066482000003,
        0.13882617882000003,
        0.14105105782000002,
        0.13752738482000001,
        0.14322006882000002,
        0.14088278782000002,
        0.13784075182000002,
        0.13723218082000002,
        0.14115328282000003,
        0.13642233682000002,
        0.14183933082000003,
        0.13674838882,
        0.13890819582000002,
        0.14834500582000001,
        0.13919546182000003,
        0.14144541982000003,
        0.14124356382000003,
        0.13880519882000003,
        0.13832663082000002,
        0.14524382682000003,
        0.14084533882000003,
        0.14098233582000003,
        0.14177223282,
        0.13629508582000002,
        0.14132195382,
        0.14069560082000002,
        0.13809315082,
        0.14431607982000003,
        0.14587437882,
        0.14143305582000001,
        0.13521123082000003,
        0.13780608382,
        0.14092757282,
        0.14039788282000001,
        0.14061747182000003,
        0.14167484682000003,
        0.14229448582,
        0.13910253682,
        0.13845560082000002,
        0.13505196882000003,
        0.13807773182000002,
        0.14271748982000002,
        0.13530424882000003,
        0.13657188582000002,
        0.14063379182000002,
        0.14612939082,
        0.13974330182000003,
        0.13808758982000002,
        0.13766232882,
        0.13928098182,
        0.13431250582,
        0.13460897982000003,
        0.13509260082000002,
        0.13774618782000003,
        0.13543455282000003,
        0.14148537182,
        0.13913934282,
        0.14180334882000004,
        0.14308685382000003,
        0.13691163782000002,
        0.14112897282000003,
        0.14192330782,
        0.13916325782000002,
        0.13600263582000002,
        0.14631510382000001,
        0.14261180182000002,
        0.14008182782000003,
        0.14142566982000002,
        0.13822913782000001,
        0.13610743582,
        0.13589808582000001,
        0.13739558982000002,
        0.13887386682000002,
        0.13361114782000003,
        0.13788699982000002,
        0.13763644582,
        0.13870668782000004,
        0.13876768282000002,
        0.14175219182,
        0.13709594882000004,
        0.13914204682000003,
        0.13623224382000002,
        0.13671307882000003,
        0.14033290782000002,
        0.14118488982000002,
        0.14173352582,
        0.13965366282000002,
        0.13696404782000002,
        0.14556322282000003,
        0.14521122182,
        0.13458665782,
        0.13781729282000002,
        0.14018045682000002,
        0.13893199782,
        0.14211936982000004,
        0.14157127682,
        0.14353676182000003,
        0.13518901382,
        0.13270700082000003,
        0.13680905482000003,
        0.14202592582,
        0.13743947582000002,
        0.13511915982000003,
        0.14088874482000002,
        0.14144378682000003,
        0.14080563882000002,
        0.14233158882000002,
        0.14157971682000003,
        0.13598681882000002,
        0.13626541982,
        0.14255352082000003,
        0.13844766882,
        0.14001773782000002,
        0.13723039882000002,
        0.14014172482000004,
        0.14015684482000001,
        0.14008011882000002,
        0.14408519882
      ],