{
  "results": [
    {
      "command": "generated/clang_tcc_ubsan_asan_bounds -I/home/livian/tcc_bench/tinycc/include -c testfiles/speedbench.c",
      "mean": 0.250262596265,
      "stddev": 0.06980743263312697,
      "median": 0.22694754584000001,
      "user": 0.22775867499999994,
      "system": 0.022454048999999986,
      "min": 0.21573402134,
      "max": 0.88216963334,
      "times": [
        0.22706218634,
        0.23128469434,
        0.22159542234000001,
        0.22513411134,
        0.22016695534,
        0.22134855634,
        0.22496705434,
        0.22397391434,
        0.22125406034,
        0.23487714234,
        0.22810198534,
        0.22896467334,
        0.22321253134000002,
        0.22570607934,
        0.22739479534,
        0.22523565834,
        0.22292529434,
        0.22152801034,
        0.22338566234,
        0.22113077634,
        0.22377032534,
        0.22992575834,
        0.22061894534,
        0.22485533334000002,
        0.22022400634,
        0.22430450334000002,
        0.22441426134,
        0.21606513334,
        0.22464465534,
        0.22573302134,
        0.21935209534,
        0.21803824234,
        0.22515478434,
        0.22124544934,
        0.22049762734,
        0.22046787734,
        0.21918057834000002,
        0.22912184434000002,
        0.21987744934,
        0.22657183534,
        0.22084235834000002,
        0.22542414834000002,
        0.22306913434,
        0.21975890934,
        0.22708009434,
        0.22806636334,
        0.22532465934,
        0.22029214934,
        0.22409446334,
        0.22418147134,
        0.22625717634,
        0.22551753634000002,
        0.22685296634000002,
        0.22687691134000001,
        0.23295682334,
        0.22940491434000002,
        0.22445994434,
        0.22127935734,
        0.22601714834,
        0.22507127534000002,
        0.22401806934000001,
        0.22186616934,
        0.22494485534,
        0.22320889734000002,
        0.22720421034000002,
        0.22241856934,
        0.22701818034000001,
        0.23214677034,
        0.22376385934,
        0.21670019534,
        0.22463788134,
        0.22881133234,
        0.22280705334,
        0.22817709234,
        0.22648546434,
        0.22854089234,
        0.22236135934,
        0.22157023634,
        0.22733328734,
        0.22560644634000002,
        0.21955869334,
        0.22097622434,
        0.22458150334000002,
        0.22507991434000002,
        0.22906025734000002,
        0.22687655734,
        0.22576098134,
        0.22922418834,
        0.22687567534,
        0.22752268734,
        0.22410148434000002,
        0.22803720934000002,
        0.25160817934,
        0.24327161534,
        0.28408912034000006,
        0.28226560634000003,
        0.30387090334000005,
        0.88216963334,
        0.56114430034,
        0.55286451434,
        0.53856261134,
        0.58617897734,
        0.35631902834000007,
        0.26159370834000006,
        0.24699054234,
        0.24117016334000002,
        0.26026820434000003,
        0.26626260634000004,
        0.26664551634000005,
        0.26672393434,
        0.22529233734,
        0.36407411534000006,
        0.26960434334000005,
        0.30520542134000006,
        0.25178395734000003,
        0.22501836534,
        0.26202046234000004,
        0.27215804834,
        0.31439809934,
        0.26197784034000005,
        0.25142571534,
        0.25113652334000003,
        0.28539765634,
        0.31284644034000003,
        0.25362882534000003,
        0.35915127334,
        0.32192203034000005,
        0.28648183334000005,
        0.28896160234,
        0.29422579434,
        0.26145349634000004,
        0.24274692534,
        0.27313126334000004,
        0.27761866734,
        0.27167367634000006,
        0.28671941734000006,
        0.29127034234000004,
        0.30038599034,
        0.25940100434,
        0.25678180034000003,
        0.28562003934,
        0.28663728234,
        0.28317181034000005,
        0.28139659034000003,
        0.26875377634000003,
        0.25990541534000006,
        0.26378351634,
        0.27028626734000005,
        0.27035313534000005,
        0.27070480934,
        0.37722967334000007,
        0.24837957334000002,
        0.25972566734,
        0.27264682034000004,
        0.26654706134000006,
        0.23700029034,
        0.23177438534,
        0.22332544834,
        0.22735411234,
        0.22384541934000002,
        0.22348684934000002,
        0.21882343334,
        0.23391862834000002,
        0.22597512134,
        0.22430403634,
        0.22721527434,
        0.22359199034000002,
        0.22459949034,
        0.22556133334,
        0.22330857934,
        0.22486255134,
        0.22667913234,
        0.22397559234,
        0.23701507734000002,
        0.22588051134,
        0.22889757934000002,
        0.21676450034,
        0.22461640934000002,
        0.22384993534,
        0.22089054634,
        0.22581683634,
        0.22393867034,
        0.22388218534,
        0.22652466834,
        0.22881881334,
        0.22841441534,
        0.24630727234,
        0.23792290834000002,
        0.22384112934,
        0.22124750734,
        0.23201699934,
        0.22884310234,
        0.22584877434,
        0.22796665134,
        0.22736276034,
        0.22429665734,
        0.21573402134,
        0.23166931534000001,
        0.22525920234000002,
        0.22083997034
      ],
      "exit_codes": [
        0,
        0,
        0,
        0,
        0,
        0,
        0,
        0,
        0,
        0,
        0,
        0,
        0,
        0,
        0,
        0,
        0,
        0,
        0,
        0,
        0,
        0,
        0,
        0,
        0,
        0,
        0,
        0,
        0,
        0,
        0,
        0,
        0,
        0,
        0,
        0,
        0,
        0,
        0,
        0,
        0,
        0,
        0,
        0,
        0,
        0,
        0,
        0,
        0,
        0,
        0,
        0,
        0,
        0,
        0,
        0,
        0,
        0,
        0,
        0,
        0,
        0,
        0,
        0,
        0,
        0,
        0,
        0,
        0,
        0,
        0,
        0,
        0,
        0,
        0,
        0,
        0,
        0,
        0,
        0,
        0,
        0,
        0,
        0,
        0,
        0,
        0,
        0,
        0,
        0,
        0,
        0,
        0,
        0,
        0,
        0,
        0,
        0,
        0,
        0,
        0,
        0,
        0,
        0,
        0,
        0,
        0,
        0,
        0,
        0,
        0,
        0,
        0,
        0,
        0,
        0,
        0,
        0,
        0,
        0,
        0,
        0,
        0,
        0,
        0,
        0,
        0,
        0,
        0,
        0,
        0,
        0,
        0,
        0,
        0,
        0,
        0,
        0,
        0,
        0,
        0,
        0,
        0,
        0,
        0,
        0,
        0,
        0,
        0,
        0,
        0,
        0,
        0,
        0,
        0,
        0,
        0,
        0,
        0,
        0,
        0,
        0,
        0,
        0,
        0,
        0,
        0,
        0,
        0,
        0,
        0,
        0,
        0,
        0,
        0,
        0,
        0,
        0,
        0,
        0,
        0,
        0,
        0,
        0,
        0,
        0,
        0,
        0,
        0,
        0,
        0,
        0,
        0,
        0,
        0,
        0,
        0,
        0,
        0,
        0
      ]
    }
  ]
}
