{
  "results": [
    {
      "command": "generated/clang_tcc_bounds -I/home/livian/tcc_bench/tinycc/include -c testfiles/speedbench.c",
      "mean": 0.06185365576999998,
      "stddev": 0.013978654512207185,
      "median": 0.05703200572,
      "user": 0.054176965000000014,
      "system": 0.0075018149999999985,
      "min": 0.04740889472,
      "max": 0.12890786172,
      "times": [
        0.05472595972,
        0.05045850972,
        0.05334483772,
        0.05030066972,
        0.05319454772,
        0.05206344172,
        0.04946908872,
        0.05110976772,
        0.05107799072,
        0.05250671072,
        0.05136854472,
        0.05225667972,
        0.05074720372,
        0.04949253672,
        0.05317991572,
        0.05029961172,
        0.05027959672,
        0.051943600720000004,
        0.049154007720000004,
        0.04953794072,
        0.05279955772,
        0.04952715072,
        0.05304284472,
        0.04794654772,
        0.04902175572,
        0.05260661072,
        0.05630804672,
        0.05153687872,
        0.05193462772,
        0.04849693572,
        0.04893684572,
        0.05115098672,
        0.05002631772,
        0.05683802972,
        0.05056124272,
        0.05015109572,
        0.05212097172,
        0.05701981772,
        0.04912394072,
        0.05115395972,
        0.05084885772,
        0.04875853472,
        0.05102803772,
        0.04995961572,
        0.05239643672,
        0.05067062772,
        0.05005360272,
        0.05298163172,
        0.04932074572,
        0.05144218872,
        0.04892507272,
        0.05149129172,
        0.04903509172,
        0.05375918172,
        0.04740889472,
        0.05197139672,
        0.05270596572,
        0.04950418672,
        0.04907974772,
        0.04808574472,
        0.04966646172,
        0.05178554272,
        0.057931943720000004,
        0.05076716472,
        0.04933193672,
        0.04845508672,
        0.05221148772,
        0.05150382372,
        0.050428714720000004,
        0.05347950272,
        0.06761261872,
        0.05182256272,
        0.05162015772,
        0.05464290672,
        0.05084216572,
        0.04932601572,
        0.05125494072,
        0.05087344572,
        0.05164261972,
        0.05220935172,
        0.05074961872,
        0.05069962372,
        0.05559110372,
        0.04955656472,
        0.05247306272,
        0.05235084872,
        0.04916028172,
        0.06458633572000001,
        0.05792136272,
        0.07043441772,
        0.06788346172000001,
        0.06459078772000001,
        0.05671982372,
        0.08222537772,
        0.12890786172,
        0.07807518072000001,
        0.06980240372,
        0.08091167372000001,
        0.07588992372,
        0.05437735172,
        0.05463222672,
        0.06860208172000001,
        0.06153517472,
        0.06396462872000001,
        0.06058961972,
        0.06699903172,
        0.05624395772,
        0.06646352172,
        0.05244745472,
        0.06587085372000001,
        0.06556161072000001,
        0.06224654572,
        0.06803036772000001,
        0.06319011372000001,
        0.05204584972,
        0.06607058172000001,
        0.05978976372,
        0.05917283872,
        0.10568789172000001,
        0.07561053672000001,
        0.07244572872,
        0.058494799720000004,
        0.06608905572000001,
        0.07596527572,
        0.09244452772000002,
        0.07344891272000001,
        0.09672040472000001,
        0.08011787972000001,
        0.09208480072000001,
        0.09020654472,
        0.10178324872000001,
        0.08444915872000001,
        0.07575031772000002,
        0.10615592272,
        0.11789937172,
        0.09743089172000001,
        0.09283229172000002,
        0.08086874072000001,
        0.07941295872000001,
        0.08128734572000001,
        0.06576914772,
        0.06920447472,
        0.07616161072000001,
        0.07052702372000001,
        0.06667323072,
        0.05587157872,
        0.06097770872,
        0.06319950772,
        0.05750150972,
        0.06609639272000001,
        0.06178839172,
        0.05713412372,
        0.08889178772,
        0.07687885872000001,
        0.06182019372,
        0.07285578172000001,
        0.07660098372000002,
        0.07114304772,
        0.06267871972000001,
        0.07940870872000001,
        0.07708696872000001,
        0.07294045272,
        0.06535723372,
        0.06630675172000002,
        0.05773645172,
        0.06860731872,
        0.07126185272,
        0.06689984472,
        0.06802152972000002,
        0.06673246472000001,
        0.06490310872,
        0.06541098472000001,
        0.05301835372,
        0.06673333472000001,
        0.07126701372000001,
        0.07806851372000001,
        0.07649806872,
        0.07940978472000002,
        0.06660250172000001,
        0.06514809872,
        0.057044193720000004,
        0.05075177272,
        0.06272053972000001,
        0.06332694572000001,
        0.06451485772000001,
        0.06550666772000001,
        0.06070751472,
        0.06155219672,
        0.05710651372,
        0.07163193972000001,
        0.07660460972000001,
        0.06430497272,
        0.05467772872,
        0.06776115972,
        0.06133805072,
        0.05604970972,
        0.05291340972,
        0.055780415720000004,
        0.04993935372,
        0.05010465972
      ],
      "exit_codes": [
        0,
        0,
        0,
        0,
        0,
        0,
        0,
        0,
        0,
        0,
        0,
        0,
        0,
        0,
        0,
        0,
        0,
        0,
        0,
        0,
        0,
        0,
        0,
        0,
        0,
        0,
        0,
        0,
        0,
        0,
        0,
        0,
        0,
        0,
        0,
        0,
        0,
        0,
        0,
        0,
        0,
        0,
        0,
        0,
        0,
        0,
        0,
        0,
        0,
        0,
        0,
        0,
        0,
        0,
        0,
        0,
        0,
        0,
        0,
        0,
        0,
        0,
        0,
        0,
        0,
        0,
        0,
        0,
        0,
        0,
        0,
        0,
        0,
        0,
        0,
        0,
        0,
        0,
        0,
        0,
        0,
        0,
        0,
        0,
        0,
        0,
        0,
        0,
        0,
        0,
        0,
        0,
        0,
        0,
        0,
        0,
        0,
        0,
        0,
        0,
        0,
        0,
        0,
        0,
        0,
        0,
        0,
        0,
        0,
        0,
        0,
        0,
        0,
        0,
        0,
        0,
        0,
        0,
        0,
        0,
        0,
        0,
        0,
        0,
        0,
        0,
        0,
        0,
        0,
        0,
        0,
        0,
        0,
        0,
        0,
        0,
        0,
        0,
        0,
        0,
        0,
        0,
        0,
        0,
        0,
        0,
        0,
        0,
        0,
        0,
        0,
        0,
        0,
        0,
        0,
        0,
        0,
        0,
        0,
        0,
        0,
        0,
        0,
        0,
        0,
        0,
        0,
        0,
        0,
        0,
        0,
        0,
        0,
        0,
        0,
        0,
        0,
        0,
        0,
        0,
        0,
        0,
        0,
        0,
        0,
        0,
        0,
        0,
        0,
        0,
        0,
        0,
        0,
        0,
        0,
        0,
        0,
        0,
        0,
        0
      ]
    }
  ]
}
