{
  "results": [
    {
      "command": "generated/clang_tcc_safestack -I/home/livian/tcc_bench/tinycc/include -c testfiles/speedbench.c",
      "mean": 0.06115741679999998,
      "stddev": 0.010291522946071009,
      "median": 0.059706971600000006,
      "user": 0.054030135,
      "system": 0.007021438000000001,
      "min": 0.047789993600000004,
      "max": 0.11927018260000001,
      "times": [
        0.0522336616,
        0.052631688600000004,
        0.0561019816,
        0.0509465676,
        0.0556410746,
        0.058139804600000004,
        0.062498042600000005,
        0.06567984360000001,
        0.06305836160000002,
        0.06338459860000001,
        0.0605960006,
        0.0602963786,
        0.062194520600000004,
        0.0578495416,
        0.0512123576,
        0.052165515600000004,
        0.061155246600000004,
        0.06522139460000001,
        0.07499790160000001,
        0.0786653966,
        0.0771537736,
        0.0662893786,
        0.08734371160000001,
        0.0894459996,
        0.0764864746,
        0.0742484986,
        0.07029366060000002,
        0.0715712106,
        0.08161766660000001,
        0.07298666560000001,
        0.0648847116,
        0.0727894706,
        0.06664532160000002,
        0.0540133756,
        0.056943074600000004,
        0.0526635056,
        0.06454057260000001,
        0.06913028560000001,
        0.11927018260000001,
        0.0800003766,
        0.0832809396,
        0.06882701460000001,
        0.06354979760000001,
        0.0555962346,
        0.0592069926,
        0.0774965486,
        0.08445998360000001,
        0.0909724756,
        0.06917189160000001,
        0.06825496460000001,
        0.0655905776,
        0.0562607646,
        0.0578352636,
        0.06368079360000001,
        0.06509240360000002,
        0.0614349776,
        0.053116727600000004,
        0.0604369126,
        0.0612049656,
        0.051701107600000004,
        0.0569613486,
        0.0522257036,
        0.061744944600000004,
        0.0591955276,
        0.057616997600000004,
        0.0591811786,
        0.0518478266,
        0.0521293916,
        0.07168618260000001,
        0.061020400600000003,
        0.0609078896,
        0.0506549306,
        0.0513170846,
        0.0531879046,
        0.0507281366,
        0.0537621936,
        0.0493320216,
        0.0534331756,
        0.0528096696,
        0.0539434086,
        0.0532765276,
        0.0507354856,
        0.0510516486,
        0.0637627486,
        0.0719177586,
        0.0711877726,
        0.07997192460000001,
        0.07000912660000001,
        0.0620938696,
        0.0725045326,
        0.06453482560000001,
        0.06683043960000001,
        0.0670614706,
        0.06828866260000001,
        0.07493882560000001,
        0.06389165360000001,
        0.06244667660000001,
        0.07247738060000002,
        0.06614919660000002,
        0.06893232260000001,
        0.059695213600000005,
        0.0533845946,
        0.0527344346,
        0.0484295916,
        0.0492898816,
        0.0652393046,
        0.058593098600000004,
        0.0537881906,
        0.051916938600000004,
        0.0569365116,
        0.0531467806,
        0.06483607960000001,
        0.06812034460000001,
        0.07282145360000002,
        0.06274324760000001,
        0.0599965446,
        0.0714200576,
        0.06354428260000002,
        0.07557649860000001,
        0.0594740236,
        0.0617927626,
        0.0605831296,
        0.06312280260000001,
        0.059726011600000004,
        0.0604962936,
        0.0540158646,
        0.0521153326,
        0.0513427726,
        0.0488519936,
        0.0513947826,
        0.052345381600000004,
        0.049069630600000004,
        0.0507824356,
        0.0539788376,
        0.0709163116,
        0.0906243176,
        0.07306482360000001,
        0.07416582460000001,
        0.0763754266,
        0.08563612860000001,
        0.0782912666,
        0.061262121600000004,
        0.0514126086,
        0.052150275600000004,
        0.0518406146,
        0.0542560286,
        0.0599000796,
        0.054526544600000004,
        0.048796770600000004,
        0.0538304926,
        0.054315619600000004,
        0.0526906966,
        0.0514555006,
        0.0562096636,
        0.0617443996,
        0.0641709176,
        0.0615912166,
        0.0609786716,
        0.0618630896,
        0.0614777876,
        0.0599365846,
        0.0599269776,
        0.0598468916,
        0.0537921736,
        0.0504538546,
        0.052219656600000004,
        0.0613520386,
        0.0597187296,
        0.0613430796,
        0.0586483946,
        0.059437330600000005,
        0.0598356186,
        0.0594844046,
        0.07232765260000001,
        0.0490367976,
        0.047789993600000004,
        0.0545791366,
        0.053423346600000005,
        0.0542688566,
        0.0533397356,
        0.0538756196,
        0.0503346796,
        0.0520130006,
        0.056033296600000004,
        0.0515568886,
        0.0522284806,
        0.0525933226,
        0.0514238756,
        0.0511860456,
        0.0521172046,
        0.0497539206,
        0.052578626600000004,
        0.058156257600000004,
        0.058107771600000004,
        0.0525233006,
        0.0590359306,
        0.0575811876,
        0.0587815546,
        0.0496737226,
        0.0504072176
      ],
      "exit_codes": [
        0,
        0,
        0,
        0,
        0,
        0,
        0,
        0,
        0,
        0,
        0,
        0,
        0,
        0,
        0,
        0,
        0,
        0,
        0,
        0,
        0,
        0,
        0,
        0,
        0,
        0,
        0,
        0,
        0,
        0,
        0,
        0,
        0,
        0,
        0,
        0,
        0,
        0,
        0,
        0,
        0,
        0,
        0,
        0,
        0,
        0,
        0,
        0,
        0,
        0,
        0,
        0,
        0,
        0,
        0,
        0,
        0,
        0,
        0,
        0,
        0,
        0,
        0,
        0,
        0,
        0,
        0,
        0,
        0,
        0,
        0,
        0,
        0,
        0,
        0,
        0,
        0,
        0,
        0,
        0,
        0,
        0,
        0,
        0,
        0,
        0,
        0,
        0,
        0,
        0,
        0,
        0,
        0,
        0,
        0,
        0,
        0,
        0,
        0,
        0,
        0,
        0,
        0,
        0,
        0,
        0,
        0,
        0,
        0,
        0,
        0,
        0,
        0,
        0,
        0,
        0,
        0,
        0,
        0,
        0,
        0,
        0,
        0,
        0,
        0,
        0,
        0,
        0,
        0,
        0,
        0,
        0,
        0,
        0,
        0,
        0,
        0,
        0,
        0,
        0,
        0,
        0,
        0,
        0,
        0,
        0,
        0,
        0,
        0,
        0,
        0,
        0,
        0,
        0,
        0,
        0,
        0,
        0,
        0,
        0,
        0,
        0,
        0,
        0,
        0,
        0,
        0,
        0,
        0,
        0,
        0,
        0,
        0,
        0,
        0,
        0,
        0,
        0,
        0,
        0,
        0,
        0,
        0,
        0,
        0,
        0,
        0,
        0,
        0,
        0,
        0,
        0,
        0,
        0,
        0,
        0,
        0,
        0,
        0,
        0
      ]
    }
  ]
}
