{
  "results": [
    {
      "command": "generated/clang_tcc -I/home/livian/tcc_bench/tinycc/include -c testfiles/speedbench.c",
      "mean": 0.050197487265000014,
      "stddev": 0.0031752991295851316,
      "median": 0.049448959380000004,
      "user": 0.04451491999999999,
      "system": 0.005555342900000001,
      "min": 0.045999075380000004,
      "max": 0.06421675238,
      "times": [
        0.050131610380000004,
        0.05243573638,
        0.04801970038,
        0.05188313738,
        0.04923405038,
        0.05645219338,
        0.04977378838,
        0.04830288638,
        0.048948536380000005,
        0.05009073238,
        0.04689066538,
        0.04857265938,
        0.05078294038,
        0.050222993380000004,
        0.04668206938,
        0.05167261538,
        0.046680433380000004,
        0.048295220380000004,
        0.046785053380000004,
        0.05104778638,
        0.04681601038,
        0.045999075380000004,
        0.05122719738,
        0.049160769380000004,
        0.05013658138,
        0.05165782938,
        0.05416924838,
        0.05079487838,
        0.05149606038,
        0.04969065038,
        0.04803349738,
        0.04933286338,
        0.04998936838,
        0.05431471038,
        0.05189249838,
        0.04899923138,
        0.05219661538,
        0.04868565338,
        0.04887120838,
        0.04686956338,
        0.049199829380000004,
        0.05138882538,
        0.05060783738,
        0.04914478838,
        0.05374361238,
        0.04850305638,
        0.06378162938,
        0.04898999338,
        0.04928146938,
        0.04994040038,
        0.04953966638,
        0.04834881238,
        0.05078723938,
        0.05080974138,
        0.04623124738,
        0.04980825338,
        0.04855542638,
        0.04922107538,
        0.05042925638,
        0.04906080938,
        0.04945249538,
        0.04902759638,
        0.05009085738,
        0.04919713138,
        0.04859811738,
        0.04872212838,
        0.04916907038,
        0.04825794938,
        0.04882275638,
        0.04976027638,
        0.05043168738,
        0.04839333738,
        0.05103224038,
        0.05101029438,
        0.05268129738,
        0.048945966380000004,
        0.04850075138,
        0.049321837380000004,
        0.04905470638,
        0.04734606238,
        0.04801702938,
        0.04941190738,
        0.05072981938,
        0.04817020238,
        0.04841293538,
        0.04928739538,
        0.04902334338,
        0.05014297138,
        0.048428354380000004,
        0.04825855938,
        0.050868914380000005,
        0.04966019138,
        0.04814515438,
        0.04797808638,
        0.05003066638,
        0.05092339338,
        0.05002837838,
        0.05221324738,
        0.050317462380000004,
        0.05164714338,
        0.051272708380000004,
        0.05041797938,
        0.04901071538,
        0.04900002738,
        0.047750832380000004,
        0.05427330138,
        0.04601585938,
        0.04845157538,
        0.04955809538,
        0.04657436538,
        0.04618338238,
        0.04870959138,
        0.05246451438,
        0.05068378538,
        0.046718532380000004,
        0.05025106638,
        0.04633776038,
        0.050405430380000005,
        0.06029685038,
        0.05146896838,
        0.05046961738,
        0.04932747338,
        0.04795071338,
        0.04802256138,
        0.05261025238,
        0.04839505038,
        0.04806574238,
        0.05013683938,
        0.05128268338,
        0.04937970638,
        0.04705483738,
        0.052512426380000005,
        0.04937303438,
        0.05009878738,
        0.04623414338,
        0.05017555338,
        0.04899512338,
        0.04952555538,
        0.04643876238,
        0.04807030738,
        0.05018615338,
        0.05088514138,
        0.05071100338,
        0.04642035838,
        0.05318596938,
        0.04888280038,
        0.04649751438,
        0.05046811038,
        0.05174848138,
        0.04626513138,
        0.048577293380000004,
        0.04749368738,
        0.05193702538,
        0.04966972438,
        0.04922718538,
        0.04944542338,
        0.051136013380000005,
        0.04840812638,
        0.04848440038,
        0.04949835338,
        0.048215883380000005,
        0.04890495238,
        0.04633352738,
        0.05318523838,
        0.04775920938,
        0.048065877380000004,
        0.05094431438,
        0.049120456380000004,
        0.04879940338,
        0.04936527238,
        0.05068773938,
        0.04664451538,
        0.04853708038,
        0.050036218380000004,
        0.04831042838,
        0.056221765380000004,
        0.052174311380000005,
        0.05002966938,
        0.052927569380000004,
        0.04982784338,
        0.05305416338,
        0.06223681138000001,
        0.05070135538,
        0.051420329380000004,
        0.047297564380000004,
        0.04913950838,
        0.047261561380000004,
        0.04967757338,
        0.04866585038,
        0.05238899338,
        0.05559563938,
        0.047927850380000005,
        0.05700166038,
        0.057232668380000004,
        0.058436120380000005,
        0.059612972380000004,
        0.06143534038,
        0.06064605838,
        0.06421675238,
        0.060241991380000005
      ],
      "exit_codes": [
        0,
        0,
        0,
        0,
        0,
        0,
        0,
        0,
        0,
        0,
        0,
        0,
        0,
        0,
        0,
        0,
        0,
        0,
        0,
        0,
        0,
        0,
        0,
        0,
        0,
        0,
        0,
        0,
        0,
        0,
        0,
        0,
        0,
        0,
        0,
        0,
        0,
        0,
        0,
        0,
        0,
        0,
        0,
        0,
        0,
        0,
        0,
        0,
        0,
        0,
        0,
        0,
        0,
        0,
        0,
        0,
        0,
        0,
        0,
        0,
        0,
        0,
        0,
        0,
        0,
        0,
        0,
        0,
        0,
        0,
        0,
        0,
        0,
        0,
        0,
        0,
        0,
        0,
        0,
        0,
        0,
        0,
        0,
        0,
        0,
        0,
        0,
        0,
        0,
        0,
        0,
        0,
        0,
        0,
        0,
        0,
        0,
        0,
        0,
        0,
        0,
        0,
        0,
        0,
        0,
        0,
        0,
        0,
        0,
        0,
        0,
        0,
        0,
        0,
        0,
        0,
        0,
        0,
        0,
        0,
        0,
        0,
        0,
        0,
        0,
        0,
        0,
        0,
        0,
        0,
        0,
        0,
        0,
        0,
        0,
        0,
        0,
        0,
        0,
        0,
        0,
        0,
        0,
        0,
        0,
        0,
        0,
        0,
        0,
        0,
        0,
        0,
        0,
        0,
        0,
        0,
        0,
        0,
        0,
        0,
        0,
        0,
        0,
        0,
        0,
        0,
        0,
        0,
        0,
        0,
        0,
        0,
        0,
        0,
        0,
        0,
        0,
        0,
        0,
        0,
        0,
        0,
        0,
        0,
        0,
        0,
        0,
        0,
        0,
        0,
        0,
        0,
        0,
        0,
        0,
        0,
        0,
        0,
        0,
        0
      ]
    }
  ]
}
