{
  "results": [
    {
      "command": "generated/clang_tcc_ubsan -I/home/livian/tcc_bench/tinycc/include -c testfiles/speedbench.c",
      "mean": 0.13893428749500003,
      "stddev": 0.012803737523245755,
      "median": 0.13767062418000003,
      "user": 0.12529551999999997,
      "system": 0.0135145407,
      "min": 0.11943236318,
      "max": 0.18786565118,
      "times": [
        0.12945450118000001,
        0.13943026418,
        0.12808599418,
        0.14130318918,
        0.14313393418,
        0.14695307918,
        0.16940816718,
        0.14474131418,
        0.15658120018000002,
        0.13248327618,
        0.13761016718000002,
        0.13394053818,
        0.14984754918,
        0.15013885818,
        0.12550710018,
        0.12202198518,
        0.12189424518000001,
        0.12129724218,
        0.12401673418,
        0.12335904618,
        0.12668617618,
        0.12878216918000002,
        0.12379001218,
        0.12485002218000002,
        0.12981643118,
        0.12165342518000001,
        0.14874051018,
        0.14458153518,
        0.15856180418000002,
        0.16970998218,
        0.12814821518,
        0.12793530618,
        0.14143302618,
        0.12627392518,
        0.14013262518,
        0.13119081618,
        0.12905311618,
        0.14985246318,
        0.12284940118000001,
        0.16759708118,
        0.13314798218,
        0.18361341518000002,
        0.13635483518,
        0.12823849918000002,
        0.14347755218,
        0.15248354718,
        0.13043007518,
        0.15009364218000001,
        0.13716307418,
        0.14436783818,
        0.18786565118,
        0.15194701918,
        0.13650613818000001,
        0.13943014418000002,
        0.14029394518000002,
        0.14431097018,
        0.13347098518,
        0.12584191618,
        0.13791114418,
        0.14422946518000002,
        0.13213531818000002,
        0.12130265718000001,
        0.13884427218,
        0.13780674418,
        0.14092580118,
        0.14560149818,
        0.12132816618,
        0.15825207318,
        0.17547360018000002,
        0.14594641518,
        0.14482854618000002,
        0.15164460318,
        0.15017829918,
        0.13541039018,
        0.14948560418,
        0.14888698418000001,
        0.14505588018,
        0.15422223618,
        0.15429043418000002,
        0.15553329318,
        0.16092402518,
        0.12637221318,
        0.15052056118,
        0.14995000118000001,
        0.13151491518,
        0.13137353818,
        0.12766427018,
        0.15809242018,
        0.12489614518,
        0.12485697318,
        0.14262100718,
        0.14555732518,
        0.15620776918,
        0.14762988218,
        0.14532006318000001,
        0.15312783018,
        0.14963157218,
        0.14312284118000002,
        0.12835015718,
        0.13009398918,
        0.12962762018,
        0.12572576618,
        0.13445579118,
        0.12714301618,
        0.12724235618000002,
        0.13569074418000002,
        0.12190904318000001,
        0.12438362318000001,
        0.12811893318,
        0.12834096918000001,
        0.15942761318,
        0.13796381618,
        0.13714356318,
        0.12331139418,
        0.12704203318,
        0.12977879918000002,
        0.12299870318,
        0.14237906618,
        0.13397277018,
        0.12629815718,
        0.13413411718,
        0.13228290118,
        0.13613600218000002,
        0.13121592618,
        0.12451400818,
        0.12948610218,
        0.12843579918,
        0.13377176818,
        0.14454482518,
        0.14373443218,
        0.14542881018,
        0.14774967118000001,
        0.15854431118,
        0.15306036218000002,
        0.14659886718,
        0.14203786918,
        0.13351353618,
        0.13001797518,
        0.13132743918,
        0.12528617818,
        0.13354007618,
        0.12186107118,
        0.12408945818,
        0.12508920418,
        0.12775795718000002,
        0.12412345318000001,
        0.12425061518000001,
        0.13120963518,
        0.12863348718,
        0.12247580318000001,
        0.13773108118000002,
        0.12467102618,
        0.12243610218,
        0.12939059418,
        0.11943236318,
        0.12537831418,
        0.13817683218000001,
        0.13514188118,
        0.14381538118,
        0.14385964418,
        0.16062599218,
        0.14488828218000002,
        0.14010106918,
        0.14278267118000001,
        0.13053150018,
        0.13387142718,
        0.12843474918,
        0.14649191618000001,
        0.14497357318,
        0.14069952718,
        0.13480978718,
        0.13503574718,
        0.13737060518,
        0.14467876018,
        0.15416393618000002,
        0.15856480118000002,
        0.15149007518000002,
        0.12562772818,
        0.13732082718000002,
        0.12085015618,
        0.12594142818,
        0.14596178618,
        0.15382065118000002,
        0.16266245318,
        0.14856000618,
        0.14762816818000002,
        0.14478414718000002,
        0.14779515418,
        0.15075862618000002,
        0.15860891518,
        0.15332373418,
        0.14504267418,
        0.15543554718000002,
        0.14183188718,
        0.15580903018,
        0.12202578618000001,
        0.12162330918,
        0.14352400118,
        0.14629492018,
        0.14526889618
      ],
      "exit_codes": [
        0,
        0,
        0,
        0,
        0,
        0,
        0,
        0,
        0,
        0,
        0,
        0,
        0,
        0,
        0,
        0,
        0,
        0,
        0,
        0,
        0,
        0,
        0,
        0,
        0,
        0,
        0,
        0,
        0,
        0,
        0,
        0,
        0,
        0,
        0,
        0,
        0,
        0,
        0,
        0,
        0,
        0,
        0,
        0,
        0,
        0,
        0,
        0,
        0,
        0,
        0,
        0,
        0,
        0,
        0,
        0,
        0,
        0,
        0,
        0,
        0,
        0,
        0,
        0,
        0,
        0,
        0,
        0,
        0,
        0,
        0,
        0,
        0,
        0,
        0,
        0,
        0,
        0,
        0,
        0,
        0,
        0,
        0,
        0,
        0,
        0,
        0,
        0,
        0,
        0,
        0,
        0,
        0,
        0,
        0,
        0,
        0,
        0,
        0,
        0,
        0,
        0,
        0,
        0,
        0,
        0,
        0,
        0,
        0,
        0,
        0,
        0,
        0,
        0,
        0,
        0,
        0,
        0,
        0,
        0,
        0,
        0,
        0,
        0,
        0,
        0,
        0,
        0,
        0,
        0,
        0,
        0,
        0,
        0,
        0,
        0,
        0,
        0,
        0,
        0,
        0,
        0,
        0,
        0,
        0,
        0,
        0,
        0,
        0,
        0,
        0,
        0,
        0,
        0,
        0,
        0,
        0,
        0,
        0,
        0,
        0,
        0,
        0,
        0,
        0,
        0,
        0,
        0,
        0,
        0,
        0,
        0,
        0,
        0,
        0,
        0,
        0,
        0,
        0,
        0,
        0,
        0,
        0,
        0,
        0,
        0,
        0,
        0,
        0,
        0,
        0,
        0,
        0,
        0,
        0,
        0,
        0,
        0,
        0,
        0
      ]
    }
  ]
}
