{
  "results": [
    {
      "command": "generated/clang_tcc_ubsan_min -I/home/livian/tcc_bench/tinycc/include -c testfiles/speedbench.c",
      "mean": 0.07351205357499997,
      "stddev": 0.0025468323198578305,
      "median": 0.07321759314000001,
      "user": 0.06749318,
      "system": 0.0059231208000000025,
      "min": 0.06767791264,
      "max": 0.08601676564,
      "times": [
        0.07764303064,
        0.07482700464,
        0.07365582264,
        0.07381124963999999,
        0.07001642864,
        0.07547998964,
        0.08601676564,
        0.07340373364,
        0.07143597364,
        0.07534820864,
        0.07281524164,
        0.07538063964,
        0.07450844864,
        0.07203594664,
        0.07144052264,
        0.07377711364,
        0.07563325164,
        0.07211455664,
        0.07098619564,
        0.07355356864,
        0.07279179764,
        0.07289905164,
        0.07325357664,
        0.07096993564,
        0.07476073964,
        0.07307329364,
        0.07289466364,
        0.07296221264,
        0.07588505664,
        0.07176629664,
        0.07485369564,
        0.07057578864,
        0.07677038364,
        0.07604661964,
        0.07057312064,
        0.07336604264,
        0.07873255764,
        0.07232641964,
        0.07510814064,
        0.07305083064,
        0.07322840864,
        0.07531784164,
        0.07284555063999999,
        0.07320029564,
        0.07179431564,
        0.07236608664,
        0.07148371464,
        0.06898641663999999,
        0.07426941364,
        0.07167663164,
        0.07412578864,
        0.07750179164,
        0.07241339664,
        0.07398104364,
        0.07260416964,
        0.08045130264,
        0.07400330564,
        0.07529346364,
        0.07100559364,
        0.07063467664,
        0.07272187464,
        0.07647926464,
        0.07285589964,
        0.07366843764,
        0.07644176164,
        0.07583636864,
        0.07325822664,
        0.07211360464,
        0.07560171164,
        0.07220827664,
        0.07209700264,
        0.07306388563999999,
        0.07539696064,
        0.07288431264,
        0.07110081464,
        0.07587168664,
        0.07538081064,
        0.07126151064,
        0.07178722364,
        0.07246593563999999,
        0.06904483664,
        0.07324252664,
        0.07148280264,
        0.07240700364,
        0.07142396064,
        0.07035400164,
        0.07398375864,
        0.07541835164,
        0.07864632364,
        0.07587716664,
        0.07249597264,
        0.07625273164,
        0.06767791264,
        0.07379419664,
        0.07236378264,
        0.07173169764,
        0.07096333364,
        0.07001312264,
        0.07417572464,
        0.07769186364,
        0.07591342664,
        0.06901583064,
        0.07217675563999999,
        0.07587384064,
        0.07369395564,
        0.07445684964,
        0.07113130364,
        0.07657069864,
        0.07777134664,
        0.07098879064,
        0.07597133564,
        0.07390507864,
        0.07254736064,
        0.07726056264,
        0.07618058464,
        0.07377628364,
        0.07226790364,
        0.07600241064,
        0.07365529264,
        0.07340143964,
        0.07001779064,
        0.07091106364,
        0.07499918364,
        0.07646726164,
        0.07597180664,
        0.07537295564,
        0.07320677764,
        0.07620123464,
        0.07559452663999999,
        0.07318018864,
        0.07256273064,
        0.07451563164,
        0.07437555564,
        0.07302617364,
        0.07149050764,
        0.07254880464,
        0.07326149264,
        0.07417735664,
        0.07769459964,
        0.07296858564,
        0.06877477264,
        0.07353662764,
        0.07333808864,
        0.06992827164,
        0.07238123364,
        0.07230591264,
        0.06853257064,
        0.07338659064,
        0.07383363364,
        0.07188916764,
        0.06951738864,
        0.07451409064,
        0.07249563264,
        0.07508105864,
        0.07237678764,
        0.06841865463999999,
        0.07464921764,
        0.07690716764,
        0.07427189764,
        0.07547281664,
        0.07036648464,
        0.06861503964,
        0.06926289264,
        0.07064582864,
        0.07388809564,
        0.06907552664,
        0.07633806964,
        0.07569126764,
        0.07113471964,
        0.07049446063999999,
        0.07526299664,
        0.07229592264,
        0.07254352364,
        0.07399531164,
        0.07197718564,
        0.07657938464,
        0.07436159864,
        0.07854120364,
        0.08372853664,
        0.07555497164,
        0.07599731464,
        0.07569704264,
        0.07104537064,
        0.07383873164,
        0.07229542164,
        0.07295324564,
        0.07221058864,
        0.07264566864,
        0.07275073964,
        0.07176388864,
        0.07593854264,
        0.07387748664,
        0.07290274864,
        0.07220225364,
        0.07222645164,
        0.07228023164,
        0.07760182264,
        0.07134660464,
        0.07190942664,
        0.07259348764
      ],
      "exit_codes": [
        0,
        0,
        0,
        0,
        0,
        0,
        0,
        0,
        0,
        0,
        0,
        0,
        0,
        0,
        0,
        0,
        0,
        0,
        0,
        0,
        0,
        0,
        0,
        0,
        0,
        0,
        0,
        0,
        0,
        0,
        0,
        0,
        0,
        0,
        0,
        0,
        0,
        0,
        0,
        0,
        0,
        0,
        0,
        0,
        0,
        0,
        0,
        0,
        0,
        0,
        0,
        0,
        0,
        0,
        0,
        0,
        0,
        0,
        0,
        0,
        0,
        0,
        0,
        0,
        0,
        0,
        0,
        0,
        0,
        0,
        0,
        0,
        0,
        0,
        0,
        0,
        0,
        0,
        0,
        0,
        0,
        0,
        0,
        0,
        0,
        0,
        0,
        0,
        0,
        0,
        0,
        0,
        0,
        0,
        0,
        0,
        0,
        0,
        0,
        0,
        0,
        0,
        0,
        0,
        0,
        0,
        0,
        0,
        0,
        0,
        0,
        0,
        0,
        0,
        0,
        0,
        0,
        0,
        0,
        0,
        0,
        0,
        0,
        0,
        0,
        0,
        0,
        0,
        0,
        0,
        0,
        0,
        0,
        0,
        0,
        0,
        0,
        0,
        0,
        0,
        0,
        0,
        0,
        0,
        0,
        0,
        0,
        0,
        0,
        0,
        0,
        0,
        0,
        0,
        0,
        0,
        0,
        0,
        0,
        0,
        0,
        0,
        0,
        0,
        0,
        0,
        0,
        0,
        0,
        0,
        0,
        0,
        0,
        0,
        0,
        0,
        0,
        0,
        0,
        0,
        0,
        0,
        0,
        0,
        0,
        0,
        0,
        0,
        0,
        0,
        0,
        0,
        0,
        0,
        0,
        0,
        0,
        0,
        0,
        0
      ]
    }
  ]
}
