{
  "results": [
    {
      "command": "generated/clang_tcc_asan_bounds -I/home/livian/tcc_bench/tinycc/include -c testfiles/speedbench.c",
      "mean": 0.15038044243000004,
      "stddev": 0.01928345031211905,
      "median": 0.14239853172,
      "user": 0.1342929150000001,
      "system": 0.01612245,
      "min": 0.13122107322,
      "max": 0.24997816322000005,
      "times": [
        0.13349654822,
        0.14071004322000003,
        0.13575454122000002,
        0.13910857222000003,
        0.13863118222,
        0.13578781422000002,
        0.13450455922000001,
        0.13502567222000003,
        0.13981977722000002,
        0.14503868022000002,
        0.13501747722000002,
        0.13629681522000003,
        0.13832478722000002,
        0.14039750822000002,
        0.15083790222000001,
        0.16960972122,
        0.16831785022,
        0.14468900522000003,
        0.13945732722,
        0.14042498022000002,
        0.14045776322000003,
        0.13806855022000003,
        0.13762169922000003,
        0.13910474422000002,
        0.13450684422000003,
        0.15352329822000002,
        0.13963488522000003,
        0.14504226922000002,
        0.15286214922000002,
        0.14954466822,
        0.14275667322000002,
        0.14236726222,
        0.13657683822000002,
        0.13961399522,
        0.15008833322,
        0.17351551322000003,
        0.14675943122000001,
        0.17046433922,
        0.15959255322000002,
        0.15882320822,
        0.16014508622,
        0.18990304922000004,
        0.17480431022000004,
        0.24997816322000005,
        0.19389777122000001,
        0.18937388622000004,
        0.24764842822000002,
        0.20180496822000002,
        0.17814694922000002,
        0.16411497122000002,
        0.15731021422000002,
        0.16384263522000003,
        0.16749374122000002,
        0.15349001822000002,
        0.15306727222000002,
        0.15123041322000003,
        0.15023206022000002,
        0.16571951022000003,
        0.22091290322000004,
        0.16951985122000002,
        0.20689097722000002,
        0.17732581422000002,
        0.17466891222000003,
        0.22928206022000003,
        0.19218686022000003,
        0.17887056722000003,
        0.15049144522000002,
        0.16078261322,
        0.16459492722000002,
        0.16875601522000003,
        0.17127955422000002,
        0.15561594922000002,
        0.13929496122,
        0.14151583222000003,
        0.14188237222000002,
        0.14279238522,
        0.14062810222000002,
        0.14064802822000003,
        0.14271570922000001,
        0.13918582422000003,
        0.14462050822000003,
        0.14747715222000002,
        0.14317936222000002,
        0.14015849622,
        0.14227745422000002,
        0.14188046922000003,
        0.13806515822,
        0.13857719522000003,
        0.14069841522,
        0.14279624222,
        0.14134298422000002,
        0.14475457422000002,
        0.14507853122000003,
        0.14065975222000002,
        0.14563560322000002,
        0.14342040222000002,
        0.14409775822,
        0.14545057522000002,
        0.14445623522000003,
        0.13946956522,
        0.14636094422,
        0.14663459722000002,
        0.13969056722000003,
        0.13895471522000002,
        0.14144388922,
        0.14300791922000003,
        0.14233279222000003,
        0.14259518422000003,
        0.17467302522000003,
        0.17932643122000003,
        0.16027149422000003,
        0.16405409322000003,
        0.17160172222000003,
        0.14456265122000003,
        0.16321320022000002,
        0.16850529322000002,
        0.18345475822,
        0.15164978622000003,
        0.14783918522000003,
        0.15812045522,
        0.16733888122,
        0.17273047422,
        0.16790136722000001,
        0.15199686222000003,
        0.13885145922000003,
        0.15751661522000002,
        0.16817291922000002,
        0.16680738822000002,
        0.17197097622000002,
        0.16306142922000003,
        0.16220998822000002,
        0.17039916122,
        0.15324373322,
        0.14799202622000002,
        0.13563404922000002,
        0.13524080922,
        0.14031781422000003,
        0.14205461222000001,
        0.13670298422000002,
        0.13863345422,
        0.14093764522000002,
        0.13710378822000002,
        0.14168553022000002,
        0.13668757622000002,
        0.13928791122000003,
        0.14385785722000002,
        0.13451934522000003,
        0.14059947922000002,
        0.13900566322000002,
        0.14034476522000003,
        0.13664277022000001,
        0.13958519622,
        0.13770379222,
        0.13318389022000002,
        0.13696528522,
        0.13742588622000002,
        0.13561288122,
        0.13881243922000003,
        0.13582288622000002,
        0.13944930822,
        0.14011632422000003,
        0.14293824922,
        0.14300419622000002,
        0.13883772722,
        0.13736320822000003,
        0.14341991622000003,
        0.14109820522000002,
        0.13590317422000003,
        0.14068859422000002,
        0.14242980122,
        0.13876650122000003,
        0.14235787322000001,
        0.14211618522000002,
        0.14743612122000002,
        0.13985831122000003,
        0.13362929322000003,
        0.13628393922,
        0.13989000222000003,
        0.13122107322,
        0.14335220922000003,
        0.14076595122000002,
        0.13917519022000002,
        0.13546549122,
        0.13702791722000002,
        0.13616255022,
        0.13564684722000003,
        0.13626407222000003,
        0.13422328522000002,
        0.13989354922000002,
        0.13872762622,
        0.14126021322,
        0.16902977822,
        0.14489899622000002,
        0.13916666222000001,
        0.13837662922000002,
        0.14795611122000002,
        0.14086776522000002,
        0.13461130322000003,
        0.13929822422000002,
        0.13593848222000002
      ],