{
  "results": [
    {
      "command": "generated/clang_tcc_ubsan_asan -I/home/livian/tcc_bench/tinycc/include -c testfiles/speedbench.c",
      "mean": 0.24789164657499985,
      "stddev": 0.02899441061334867,
      "median": 0.23869489006000003,
      "user": 0.22517880500000007,
      "system": 0.02272864159999999,
      "min": 0.21512028956,
      "max": 0.37216964656,
      "times": [
        0.22985363856000002,
        0.22318498556000002,
        0.21512028956,
        0.23055579656000003,
        0.22491081056,
        0.22488471056000003,
        0.22505240856000003,
        0.22017657056,
        0.22170098356,
        0.22215052956000003,
        0.21549776456000003,
        0.22408749056000002,
        0.21703402256,
        0.22588079156000002,
        0.22112613556000002,
        0.22057598656000002,
        0.21835874056000001,
        0.22448988556000002,
        0.22561047056000003,
        0.21777098156000002,
        0.22069364256000001,
        0.22331668856000003,
        0.22087801156000003,
        0.22281008156,
        0.23472177356,
        0.22209352756000003,
        0.22075789356000003,
        0.22545851956000001,
        0.22001290356000003,
        0.22237340156000002,
        0.21768121156000003,
        0.22680334156,
        0.22326160356000002,
        0.22025268156000002,
        0.21984261856,
        0.24002510756000003,
        0.26877400756,
        0.27037868655999997,
        0.26935835156,
        0.25728129856,
        0.23897589756,
        0.25288852756,
        0.26737298756,
        0.26559699456,
        0.26455692256,
        0.26378475955999997,
        0.26898068256,
        0.29031452156,
        0.26324542256,
        0.28173065656,
        0.27132156056,
        0.25123568856,
        0.28105303455999997,
        0.27266265756,
        0.27090325855999997,
        0.27489840256,
        0.27682718155999997,
        0.27167904256,
        0.26653977955999997,
        0.27604900956,
        0.27685893256,
        0.26387119556,
        0.23576862556000003,
        0.23871221356000003,
        0.26560773356,
        0.24702602656000003,
        0.26654275356,
        0.26399918856,
        0.27096577356,
        0.27418256356,
        0.25881166256,
        0.30377240656,
        0.37216964656,
        0.26228290855999997,
        0.27308273556,
        0.27631609956,
        0.36174414056,
        0.27721592056,
        0.28158395556,
        0.25137667556,
        0.27222852756,
        0.35361275456,
        0.33160386556,
        0.31839828456,
        0.30679537955999997,
        0.24156349156,
        0.27739781756,
        0.29430421156,
        0.30303136356,
        0.26347843856,
        0.23469658556000003,
        0.28471403956,
        0.30393075456,
        0.31114579456,
        0.27578626756,
        0.28315240356,
        0.25821638756,
        0.26415174756,
        0.26116920456,
        0.26207356756,
        0.26731985456,
        0.29018933156,
        0.26620018155999997,
        0.27015635056,
        0.26455050656,
        0.22786189756000003,
        0.22471055356000003,
        0.22953997856000002,
        0.22483738956000002,
        0.22444081856000003,
        0.23541809656,
        0.22495182156000001,
        0.25067594756,
        0.25619428456,
        0.29051871756,
        0.27119004956,
        0.24988467156000002,
        0.26244840956,
        0.27561558156,
        0.26907080056,
        0.26577727456,
        0.25982333856,
        0.26071276756,
        0.28032479956,
        0.27027004556,
        0.23115159456000003,
        0.24288630656000001,
        0.22924454056000002,
        0.23127826556000003,
        0.22183137756000001,
        0.22363395056000002,
        0.22362563456,
        0.21640407856000002,
        0.25704520656,
        0.22648977656000002,
        0.25984993956,
        0.24867208056,
        0.28540054656,
        0.22286441556000003,
        0.23101013756000002,
        0.22100085456000002,
        0.22125792456,
        0.22456209056,
        0.21533981156,
        0.22414229556,
        0.22407059356000003,
        0.22375581356000002,
        0.22314894656000003,
        0.21896819056000003,
        0.22122950156,
        0.21778139456,
        0.22755755156000002,
        0.22215108556000002,
        0.22225296856,
        0.22365652456000001,
        0.22677737556000002,
        0.22091026156000002,
        0.22512529356000002,
        0.22394319056000003,
        0.22864547056,
        0.22314435856000003,
        0.22749802456,
        0.22653983856,
        0.22642430756,
        0.22578933456000003,
        0.24174773756,
        0.22006148956000002,
        0.22346741456000002,
        0.22007972956000002,
        0.22553530456,
        0.23867756656000003,
        0.22983944556000002,
        0.23052144156,
        0.23438081856,
        0.22237943056,
        0.23432355156,
        0.22077075556000003,
        0.22856826456,
        0.21835081456000002,
        0.22365165556000002,
        0.21936451656000003,
        0.22605907256000002,
        0.22892828056000003,
        0.23258349456000002,
        0.21902180256,
        0.23972385056000003,
        0.24176522056000002,
        0.23892536956000002,
        0.25934826456,
        0.25561523156,
        0.25711249456,
        0.23602820856,
        0.24968085356,
        0.22344836856000003,
        0.26933254755999997,
        0.28513417956,
        0.26084450656,
        0.26467332156,
        0.26321963056,
        0.25666297756
      ],
      "exit_codes": [
        0,
        0,
        0,
        0,
        0,
        0,
        0,
        0,
        0,
        0,
        0,
        0,
        0,
        0,
        0,
        0,
        0,
        0,
        0,
        0,
        0,
        0,
        0,
        0,
        0,
        0,
        0,
        0,
        0,
        0,
        0,
        0,
        0,
        0,
        0,
        0,
        0,
        0,
        0,
        0,
        0,
        0,
        0,
        0,
        0,
        0,
        0,
        0,
        0,
        0,
        0,
        0,
        0,
        0,
        0,
        0,
        0,
        0,
        0,
        0,
        0,
        0,
        0,
        0,
        0,
        0,
        0,
        0,
        0,
        0,
        0,
        0,
        0,
        0,
        0,
        0,
        0,
        0,
        0,
        0,
        0,
        0,
        0,
        0,
        0,
        0,
        0,
        0,
        0,
        0,
        0,
        0,
        0,
        0,
        0,
        0,
        0,
        0,
        0,
        0,
        0,
        0,
        0,
        0,
        0,
        0,
        0,
        0,
        0,
        0,
        0,
        0,
        0,
        0,
        0,
        0,
        0,
        0,
        0,
        0,
        0,
        0,
        0,
        0,
        0,
        0,
        0,
        0,
        0,
        0,
        0,
        0,
        0,
        0,
        0,
        0,
        0,
        0,
        0,
        0,
        0,
        0,
        0,
        0,
        0,
        0,
        0,
        0,
        0,
        0,
        0,
        0,
        0,
        0,
        0,
        0,
        0,
        0,
        0,
        0,
        0,
        0,
        0,
        0,
        0,
        0,
        0,
        0,
        0,
        0,
        0,
        0,
        0,
        0,
        0,
        0,
        0,
        0,
        0,
        0,
        0,
        0,
        0,
        0,
        0,
        0,
        0,
        0,
        0,
        0,
        0,
        0,
        0,
        0,
        0,
        0,
        0,
        0,
        0,
        0
      ]
    }
  ]
}
