{
  "results": [
    {
      "command": "generated/gcc_fortify_1 -I/home/livian/tcc_bench/tinycc/include -c testfiles/speedbench.c",
      "mean": 0.05017030712500004,
      "stddev": 0.00352431604658346,
      "median": 0.04918061598000001,
      "user": 0.04445706499999999,
      "system": 0.005592190000000002,
      "min": 0.045602162980000006,
      "max": 0.06538855298,
      "times": [
        0.05773234598000001,
        0.057311012980000006,
        0.059639800980000005,
        0.057071576980000004,
        0.05829250298000001,
        0.05733341598,
        0.057123385980000004,
        0.056590449980000006,
        0.05546537598000001,
        0.05861997698000001,
        0.058434343980000004,
        0.05674298098,
        0.05763958898,
        0.057631834980000005,
        0.058215085980000005,
        0.05864607698000001,
        0.04901377398000001,
        0.04937858698000001,
        0.05337504398000001,
        0.056798161980000005,
        0.05746013198000001,
        0.056954072980000006,
        0.056067473980000004,
        0.05497673698,
        0.05817318598000001,
        0.058005094980000005,
        0.054372242980000006,
        0.05281814498000001,
        0.06538855298,
        0.049905907980000004,
        0.05358324498000001,
        0.051834537980000005,
        0.04981820398,
        0.04774961498000001,
        0.04736002098000001,
        0.049288668980000006,
        0.05339725398,
        0.051383789980000004,
        0.04740871398,
        0.050141300980000005,
        0.048935814980000006,
        0.047457538980000005,
        0.04858881198000001,
        0.05108331598000001,
        0.047809390980000005,
        0.04896212198000001,
        0.05278898698000001,
        0.05056874598,
        0.050060187980000004,
        0.049916622980000006,
        0.050960130980000004,
        0.04739088198000001,
        0.05135799898000001,
        0.045925027980000005,
        0.04797450198000001,
        0.04892385198000001,
        0.054595338980000005,
        0.04685530998,
        0.04603012998000001,
        0.05126214598000001,
        0.04989093498,
        0.046794954980000004,
        0.04847770198,
        0.052024779980000005,
        0.04876041198000001,
        0.04909096998,
        0.056943052980000006,
        0.05101868398000001,
        0.047545193980000004,
        0.045795190980000004,
        0.04946043398,
        0.04714449198000001,
        0.049924888980000005,
        0.048134177980000005,
        0.049910360980000006,
        0.05213201598000001,
        0.045755203980000006,
        0.048239468980000005,
        0.04740269198000001,
        0.046792289980000006,
        0.047938804980000006,
        0.05090347398000001,
        0.049741714980000004,
        0.04608274398000001,
        0.048691166980000006,
        0.050823422980000005,
        0.04959826598000001,
        0.04935989198000001,
        0.050178618980000006,
        0.046070247980000006,
        0.049189257980000005,
        0.04713275798000001,
        0.049778966980000006,
        0.04774320598000001,
        0.048025008980000006,
        0.050158896980000006,
        0.049628983980000006,
        0.04961505898000001,
        0.050749612980000004,
        0.050725011980000005,
        0.04898524798000001,
        0.04744495498000001,
        0.046319879980000006,
        0.048152341980000006,
        0.04767706598000001,
        0.04655471698000001,
        0.04580753298,
        0.04879347398000001,
        0.04777898098,
        0.048054053980000004,
        0.04700947398000001,
        0.047144841980000005,
        0.04806481598000001,
        0.05182951798,
        0.04737898698,
        0.04701364198000001,
        0.047407271980000006,
        0.049845077980000006,
        0.048749829980000006,
        0.05164104898000001,
        0.04597112498000001,
        0.04812362698000001,
        0.047910359980000004,
        0.049626440980000006,
        0.051121117980000005,
        0.04978626598000001,
        0.051161774980000005,
        0.05057198098000001,
        0.050654880980000004,
        0.045612881980000006,
        0.050727398980000005,
        0.048025630980000004,
        0.05118341798000001,
        0.04575159698,
        0.04872892098000001,
        0.04773048698000001,
        0.045602162980000006,
        0.049325305980000005,
        0.04690987498000001,
        0.049927774980000006,
        0.04785791098000001,
        0.048547183980000005,
        0.04951557998000001,
        0.04909222298,
        0.046079001980000006,
        0.05283099598,
        0.054296890980000005,
        0.047658749980000005,
        0.048350469980000005,
        0.05090730098000001,
        0.04934223998000001,
        0.04772750198,
        0.046037001980000006,
        0.048068210980000005,
        0.050352162980000004,
        0.047093835980000005,
        0.047862348980000004,
        0.050311926980000005,
        0.04819718898000001,
        0.04872182598000001,
        0.04825935498000001,
        0.04959615398000001,
        0.04696719298,
        0.04673658598000001,
        0.048967733980000004,
        0.053591063980000006,
        0.049822443980000006,
        0.052138616980000003,
        0.05266916898000001,
        0.05640418598000001,
        0.048322994980000006,
        0.04776335098000001,
        0.04896529998000001,
        0.050865661980000004,
        0.046064542980000005,
        0.048458264980000006,
        0.04636186098,
        0.05135244398000001,
        0.04868889098,
        0.047716951980000005,
        0.04998011598,
        0.052117837980000005,
        0.04736737698000001,
        0.04914984598000001,
        0.04876925798000001,
        0.04961620698000001,
        0.04714019298000001,
        0.04607291998000001,
        0.04823644498000001,
        0.05127124098000001,
        0.048824291980000004,
        0.04793626998000001,
        0.049171973980000006,
        0.05052886998000001,
        0.048672145980000005,
        0.04828552298000001,
        0.047809046980000006,
        0.04916773798000001,
        0.047569910980000005,
        0.05374301598
      ],