{
  "results": [
    {
      "command": "generated/gcc_fortify_2 -I/home/livian/tcc_bench/tinycc/include -c testfiles/speedbench.c",
      "mean": 0.05781373123499999,
      "stddev": 0.008979898845933892,
      "median": 0.057219320520000005,
      "user": 0.05043536000000003,
      "system": 0.007151352200000001,
      "min": 0.04572790852,
      "max": 0.12655719852000002,
      "times": [
        0.052999755520000004,
        0.04967242452,
        0.04781479552,
        0.04572790852,
        0.05003146952,
        0.048292104520000004,
        0.04872585152,
        0.04588744252,
        0.04839357752,
        0.05108694052,
        0.052155256520000005,
        0.055236286520000004,
        0.05577516852,
        0.054379239520000004,
        0.07218300852000001,
        0.06720214152000001,
        0.04981968652,
        0.04874586752,
        0.055559872520000005,
        0.05934901352,
        0.06157540652,
        0.059126714520000005,
        0.05909096652,
        0.05886891952,
        0.06040770052,
        0.05996422152,
        0.061829629520000005,
        0.05605143952,
        0.05742777752,
        0.056458881520000004,
        0.05746459252,
        0.05767660652,
        0.05948786852,
        0.057943074520000006,
        0.056204120520000005,
        0.060244888520000005,
        0.061779628520000004,
        0.05445990252,
        0.05620760752,
        0.05835019552,
        0.057610957520000006,
        0.05750069052,
        0.054999561520000004,
        0.059240788520000004,
        0.05749506052,
        0.05714060052,
        0.05817804352,
        0.05856229952,
        0.06077823652,
        0.06076209652,
        0.06723563452,
        0.051654478520000005,
        0.05095206252,
        0.04731255352,
        0.049339945520000004,
        0.04837219752,
        0.048299037520000004,
        0.054149697520000005,
        0.06418345052,
        0.07025519352000001,
        0.06371884652000001,
        0.059159712520000005,
        0.06872798452000001,
        0.060527028520000005,
        0.05791487152,
        0.05871187352,
        0.06640121152,
        0.061443044520000004,
        0.07304612352,
        0.059027024520000006,
        0.05639191852,
        0.06460001252000001,
        0.12655719852000002,
        0.08634539052000001,
        0.09027102552,
        0.08784926052000001,
        0.06680892252000001,
        0.08452090952,
        0.08677868252000001,
        0.07042167552,
        0.07305819652000001,
        0.06222545152000001,
        0.05260663552,
        0.05488956552,
        0.05399517252,
        0.04737204452,
        0.050743632520000005,
        0.04687470852,
        0.048072331520000004,
        0.050245927520000004,
        0.06367302252000001,
        0.05717122252,
        0.057489584520000005,
        0.05795817452,
        0.05586744952,
        0.059125567520000005,
        0.05490243052,
        0.05151490652,
        0.05737650952,
        0.05280816252,
        0.05384772052,
        0.05162028652,
        0.056141041520000004,
        0.059240496520000005,
        0.053037126520000005,
        0.052536572520000005,
        0.05130986352,
        0.06050490152,
        0.06452519052000001,
        0.060465965520000005,
        0.05249370752,
        0.05669621952,
        0.047712478520000004,
        0.04977629352,
        0.04834738952,
        0.051152644520000005,
        0.05502961352,
        0.05234759252,
        0.05017119552,
        0.05186946252,
        0.05731344352,
        0.07026214852000001,
        0.060470289520000005,
        0.07952636052,
        0.06782165852000001,
        0.06277095452,
        0.06024354652,
        0.05848154052,
        0.05941290652,
        0.05998313152,
        0.05991769552,
        0.06362103452000001,
        0.05882613552,
        0.056439619520000005,
        0.059286494520000003,
        0.061963145520000006,
        0.05820775852,
        0.05683362152,
        0.057480542520000004,
        0.058433609520000006,
        0.05630161752,
        0.06149557352,
        0.061372198520000004,
        0.05723847252,
        0.057200168520000004,
        0.05734070652,
        0.060677275520000004,
        0.05793825352,
        0.05637882552,
        0.05731427552,
        0.06008584652,
        0.056766161520000004,
        0.05984177152,
        0.057945067520000004,
        0.06508732752000002,
        0.05836137252,
        0.056772844520000004,
        0.05701265152,
        0.05975914452,
        0.05593430852,
        0.058942126520000006,
        0.06456341952000001,
        0.050232953520000005,
        0.057141185520000005,
        0.047678886520000005,
        0.05350738352,
        0.04871194752,
        0.050684823520000005,
        0.04860194552,
        0.04941584552,
        0.047826772520000005,
        0.05527935052,
        0.05998505052,
        0.06095056452,
        0.05434090052,
        0.05726974152,
        0.05925798452,
        0.07154477152000001,
        0.05872861252,
        0.05955309252,
        0.05489459352,
        0.05168532952,
        0.05153562552,
        0.05450507252,
        0.05396055552,
        0.05275919852,
        0.04991368252,
        0.051770502520000004,
        0.053733633520000004,
        0.05662329052,
        0.05092109152,
        0.05889109352,
        0.04907207852,
        0.04953656552,
        0.04957640252,
        0.05051043152,
        0.04887159952,
        0.05678181152,
        0.052646612520000004,
        0.05252050052
      ],
      "exit_codes": [
        0,
        0,
        0,
        0,
        0,
        0,
        0,
        0,
        0,
        0,
        0,
        0,
        0,
        0,
        0,
        0,
        0,
        0,
        0,
        0,
        0,
        0,
        0,
        0,
        0,
        0,
        0,
        0,
        0,
        0,
        0,
        0,
        0,
        0,
        0,
        0,
        0,
        0,
        0,
        0,
        0,
        0,
        0,
        0,
        0,
        0,
        0,
        0,
        0,
        0,
        0,
        0,
        0,
        0,
        0,
        0,
        0,
        0,
        0,
        0,
        0,
        0,
        0,
        0,
        0,
        0,
        0,
        0,
        0,
        0,
        0,
        0,
        0,
        0,
        0,
        0,
        0,
        0,
        0,
        0,
        0,
        0,
        0,
        0,
        0,
        0,
        0,
        0,
        0,
        0,
        0,
        0,
        0,
        0,
        0,
        0,
        0,
        0,
        0,
        0,
        0,
        0,
        0,
        0,
        0,
        0,
        0,
        0,
        0,
        0,
        0,
        0,
        0,
        0,
        0,
        0,
        0,
        0,
        0,
        0,
        0,
        0,
        0,
        0,
        0,
        0,
        0,
        0,
        0,
        0,
        0,
        0,
        0,
        0,
        0,
        0,
        0,
        0,
        0,
        0,
        0,
        0,
        0,
        0,
        0,
        0,
        0,
        0,
        0,
        0,
        0,
        0,
        0,
        0,
        0,
        0,
        0,
        0,
        0,
        0,
        0,
        0,
        0,
        0,
        0,
        0,
        0,
        0,
        0,
        0,
        0,
        0,
        0,
        0,
        0,
        0,
        0,
        0,
        0,
        0,
        0,
        0,
        0,
        0,
        0,
        0,
        0,
        0,
        0,
        0,
        0,
        0,
        0,
        0,
        0,
        0,
        0,
        0,
        0,
        0
      ]
    }
  ]
}
