{
  "results": [
    {
      "command": "generated/gcc_tcc_nostack -I/home/livian/tcc_bench/tinycc/include -c testfiles/speedbench.c",
      "mean": 0.053561982450000024,
      "stddev": 0.005840428949096456,
      "median": 0.05264841046,
      "user": 0.04717456499999998,
      "system": 0.006269496800000001,
      "min": 0.044691501960000005,
      "max": 0.08999514896000001,
      "times": [
        0.04775343896,
        0.05649828096,
        0.055333550960000005,
        0.054415231960000005,
        0.04685806296,
        0.06000075496,
        0.057649363960000005,
        0.044691501960000005,
        0.055524099960000003,
        0.05395054096,
        0.08999514896000001,
        0.059406472960000005,
        0.05644683196,
        0.05427688896,
        0.056482996960000004,
        0.05076040196,
        0.05067554496,
        0.05209523096,
        0.057912667960000004,
        0.05096981396,
        0.05049344796,
        0.05683214196,
        0.05411151896,
        0.05909890696,
        0.05604641996,
        0.05182666896,
        0.06071351396,
        0.06031878896,
        0.06296937196,
        0.05860923296,
        0.05012631396,
        0.05264948296,
        0.04860636396,
        0.04596764496,
        0.04858382896,
        0.05023586796,
        0.04794093496,
        0.04710373996,
        0.05013787296,
        0.05836785596,
        0.05623687996,
        0.05681790296,
        0.056890162960000004,
        0.05728008096,
        0.058531444960000005,
        0.05869464596,
        0.05749633096,
        0.060461264960000004,
        0.05892328896,
        0.060734043960000005,
        0.05804966596,
        0.06298087696000002,
        0.05850573596,
        0.04734194896,
        0.053258130960000004,
        0.05105089696,
        0.05081737596,
        0.05354448296,
        0.05096474696,
        0.05376500296,
        0.04941449296,
        0.04871717396,
        0.053376275960000004,
        0.04759228596,
        0.05758199696,
        0.052849788960000005,
        0.05157299096,
        0.06049691996,
        0.07127494396,
        0.06196097996,
        0.06080106096,
        0.057360262960000005,
        0.054621835960000004,
        0.05833241596,
        0.05823791996,
        0.05634659796,
        0.051134419960000004,
        0.05164790796,
        0.05493710696,
        0.05753294196,
        0.05648801096,
        0.05410367796,
        0.051597692960000004,
        0.05151836096,
        0.04639695296,
        0.05557395996,
        0.05156010096,
        0.05443087196,
        0.050466756960000005,
        0.05211914796,
        0.052237681960000004,
        0.04802597596,
        0.05068010496,
        0.04767258496,
        0.04945514996,
        0.05360723096,
        0.05416064596,
        0.051817502960000004,
        0.04838590196,
        0.05193967896,
        0.053560558960000004,
        0.057309194960000004,
        0.04768874496,
        0.055062194960000005,
        0.05639136696,
        0.056325512960000004,
        0.05676319496,
        0.05638893296,
        0.05628262096,
        0.05460832996,
        0.05698073996,
        0.05857068796,
        0.05938113396,
        0.05960187596,
        0.05480553396,
        0.05743083896,
        0.05964340396,
        0.06480025896000001,
        0.07820614596000001,
        0.07265268796,
        0.06540642096,
        0.05765321096,
        0.05162488496,
        0.04728300096,
        0.05420436596,
        0.05643832196,
        0.055604000960000004,
        0.055250407960000004,
        0.05188919396,
        0.04755468496,
        0.04941721796,
        0.04890459196,
        0.053945645960000004,
        0.046576274960000004,
        0.04921040396,
        0.05594371396,
        0.05925691796,
        0.05698848496,
        0.055901247960000004,
        0.058580764960000004,
        0.05778571296,
        0.05652538296,
        0.05889393096,
        0.05955154396,
        0.05721716896,
        0.06004205496,
        0.05783165096,
        0.05625907596,
        0.05579028196,
        0.050016679960000004,
        0.046810203960000005,
        0.048787033960000004,
        0.050798439960000004,
        0.05283547096,
        0.04847163696,
        0.04965260596,
        0.04610177096,
        0.046825258960000005,
        0.049206286960000005,
        0.04746322296,
        0.05042257496,
        0.05264733796,
        0.04773210096,
        0.04731949096,
        0.05030391696,
        0.04816698596,
        0.04972325196,
        0.04732976396,
        0.049310130960000004,
        0.05127328496,
        0.04739013596,
        0.05209890796,
        0.047051028960000005,
        0.05040611296,
        0.047125540960000004,
        0.04613150696,
        0.04706312296,
        0.05194329196,
        0.05257307096,
        0.04602519496,
        0.050075871960000004,
        0.04847840096,
        0.05081721596,
        0.04647698496,
        0.04690917696,
        0.04840271696,
        0.04781946296,
        0.04545270296,
        0.049796631960000004,
        0.04803375196,
        0.04694739196,
        0.04783764896,
        0.05043755296,
        0.04804115596,
        0.04872582996,
        0.049623841960000005,
        0.04932800196,
        0.05086565396,
        0.049920049960000004,
        0.04660658696
      ],
      "exit_codes": [
        0,
        0,
        0,
        0,
        0,
        0,
        0,
        0,
        0,
        0,
        0,
        0,
        0,
        0,
        0,
        0,
        0,
        0,
        0,
        0,
        0,
        0,
        0,
        0,
        0,
        0,
        0,
        0,
        0,
        0,
        0,
        0,
        0,
        0,
        0,
        0,
        0,
        0,
        0,
        0,
        0,
        0,
        0,
        0,
        0,
        0,
        0,
        0,
        0,
        0,
        0,
        0,
        0,
        0,
        0,
        0,
        0,
        0,
        0,
        0,
        0,
        0,
        0,
        0,
        0,
        0,
        0,
        0,
        0,
        0,
        0,
        0,
        0,
        0,
        0,
        0,
        0,
        0,
        0,
        0,
        0,
        0,
        0,
        0,
        0,
        0,
        0,
        0,
        0,
        0,
        0,
        0,
        0,
        0,
        0,
        0,
        0,
        0,
        0,
        0,
        0,
        0,
        0,
        0,
        0,
        0,
        0,
        0,
        0,
        0,
        0,
        0,
        0,
        0,
        0,
        0,
        0,
        0,
        0,
        0,
        0,
        0,
        0,
        0,
        0,
        0,
        0,
        0,
        0,
        0,
        0,
        0,
        0,
        0,
        0,
        0,
        0,
        0,
        0,
        0,
        0,
        0,
        0,
        0,
        0,
        0,
        0,
        0,
        0,
        0,
        0,
        0,
        0,
        0,
        0,
        0,
        0,
        0,
        0,
        0,
        0,
        0,
        0,
        0,
        0,
        0,
        0,
        0,
        0,
        0,
        0,
        0,
        0,
        0,
        0,
        0,
        0,
        0,
        0,
        0,
        0,
        0,
        0,
        0,
        0,
        0,
        0,
        0,
        0,
        0,
        0,
        0,
        0,
        0,
        0,
        0,
        0,
        0,
        0,
        0
      ]
    }
  ]
}
