{
  "results": [
    {
      "command": "generated/gcc_fortify_0 -I/home/livian/tcc_bench/tinycc/include -c testfiles/speedbench.c",
      "mean": 0.052917849734999994,
      "stddev": 0.005700480411285134,
      "median": 0.05147591824,
      "user": 0.04599454,
      "system": 0.006778635100000002,
      "min": 0.045041958240000006,
      "max": 0.08144521524000001,
      "times": [
        0.08144521524000001,
        0.07088198224,
        0.06960227124,
        0.06553873524,
        0.06239553024000001,
        0.05602383124,
        0.06509390624,
        0.05251193424,
        0.05361045424000001,
        0.048521917240000004,
        0.05551170124,
        0.04539194924000001,
        0.04953328524,
        0.052174568240000004,
        0.05902482924000001,
        0.06537049324000001,
        0.07348318524000001,
        0.07219970324000001,
        0.056371315240000004,
        0.05147574824000001,
        0.04977654924,
        0.05617771624000001,
        0.047331420240000005,
        0.050526016240000006,
        0.055618146240000006,
        0.05802947524,
        0.058419789240000006,
        0.053715790240000005,
        0.05114273624000001,
        0.048481076240000004,
        0.05564719924000001,
        0.047665514240000005,
        0.048119201240000006,
        0.045903109240000003,
        0.046938492240000004,
        0.04967267124000001,
        0.050124412240000006,
        0.05186037024,
        0.04850943924000001,
        0.04924111424,
        0.05218498924000001,
        0.05147608824,
        0.04684295924,
        0.04902954324000001,
        0.04562280324,
        0.047963475240000004,
        0.04742555324000001,
        0.047061393240000006,
        0.052271446240000005,
        0.05016622624000001,
        0.05202923324000001,
        0.04991264924,
        0.04693693224000001,
        0.052640146240000005,
        0.06017031324,
        0.047412796240000006,
        0.05073302224,
        0.05461979824,
        0.054329350240000004,
        0.053855095240000005,
        0.053442604240000004,
        0.049397879240000005,
        0.04861267024,
        0.056052749240000005,
        0.04565322824,
        0.05412483924000001,
        0.05126461224000001,
        0.05665376724000001,
        0.04848933624000001,
        0.05143178424000001,
        0.046602470240000006,
        0.045041958240000006,
        0.051342092240000005,
        0.049784531240000006,
        0.048303132240000005,
        0.049278571240000006,
        0.05544424524,
        0.052070894240000005,
        0.057694637240000006,
        0.050916125240000006,
        0.055730601240000004,
        0.05719260024,
        0.05637607824,
        0.05618023524000001,
        0.058799798240000006,
        0.05154284724,
        0.04805296924000001,
        0.055098546240000004,
        0.04631893024000001,
        0.04758622624,
        0.050436810240000005,
        0.05010348924000001,
        0.051435270240000004,
        0.048615998240000007,
        0.04936035624000001,
        0.04716704624,
        0.050997964240000006,
        0.04519301424,
        0.05076323524,
        0.060325837240000006,
        0.06520968224000001,
        0.060443525240000004,
        0.05980675724000001,
        0.054050914240000004,
        0.04808920524,
        0.04980184724,
        0.052815570240000005,
        0.05675182124000001,
        0.05641138524000001,
        0.05681306424,
        0.058331029240000005,
        0.05933594524000001,
        0.06297579124000001,
        0.060571950240000005,
        0.057546966240000004,
        0.05611818424000001,
        0.05583535424,
        0.059651075240000004,
        0.05766405924,
        0.05638103424,
        0.05902052624,
        0.055952293240000006,
        0.056806244240000005,
        0.05605097424,
        0.05807282224,
        0.05506224824000001,
        0.05764973124000001,
        0.056541410240000006,
        0.05700226824000001,
        0.058552543240000005,
        0.05657961224000001,
        0.05644298024,
        0.055419692240000006,
        0.054744858240000006,
        0.05697058724,
        0.05704907624,
        0.05531209824,
        0.05648375924000001,
        0.04839804424000001,
        0.052141344240000005,
        0.05408299724000001,
        0.06408344924,
        0.06064153424,
        0.04947887824,
        0.05036296424,
        0.04964419424,
        0.05401157124000001,
        0.05415180624,
        0.05592576724000001,
        0.05327683024,
        0.050556444240000005,
        0.048820718240000005,
        0.04879638724,
        0.04927957224000001,
        0.045788416240000004,
        0.04627451624000001,
        0.04826792424,
        0.04950419124,
        0.04935894324000001,
        0.05019214024,
        0.04781996124000001,
        0.049537645240000004,
        0.050265656240000005,
        0.04830678924,
        0.049867347240000005,
        0.04975989924,
        0.05147060724000001,
        0.04867374824,
        0.04949432124000001,
        0.04729090324000001,
        0.048789578240000006,
        0.048947985240000005,
        0.04714560224000001,
        0.04674903124,
        0.046752878240000004,
        0.04664962224000001,
        0.048651385240000004,
        0.04686796724,
        0.045621641240000003,
        0.051168352240000006,
        0.04868607124,
        0.04806243324000001,
        0.04939246824000001,
        0.048227828240000006,
        0.052667909240000005,
        0.047596896240000006,
        0.045172327240000004,
        0.048310726240000004,
        0.04890640224000001,
        0.047270597240000004,
        0.05158566724000001,
        0.04761854724,
        0.058151638240000005,
        0.05541148724000001,
        0.052685193240000004,
        0.054836059240000005,
        0.05494541924000001,
        0.054084979240000004,
        0.05151311824,
        0.050629145240000006
      ],