{
  "results": [
    {
      "command": "generated/gcc_tcc -I/home/livian/tcc_bench/tinycc/include -c testfiles/speedbench.c",
      "mean": 0.05896528537499998,
      "stddev": 0.01057562034550426,
      "median": 0.05681545148000001,
      "user": 0.05147451500000002,
      "system": 0.007401841199999997,
      "min": 0.04564148248,
      "max": 0.10195562948,
      "times": [
        0.07724139148,
        0.08487654248,
        0.08199485848,
        0.060411392480000006,
        0.08431608048,
        0.08600595648,
        0.05323468648000001,
        0.05479983548,
        0.055396686480000006,
        0.04767768848000001,
        0.08765840848,
        0.08672914548,
        0.06698148148,
        0.06432513448,
        0.07269226448,
        0.05852541648000001,
        0.059654474480000004,
        0.058697813480000006,
        0.060770810480000007,
        0.06043686048000001,
        0.057636250480000005,
        0.06731641848,
        0.06707707548,
        0.06954751348,
        0.058240094480000004,
        0.05799534448000001,
        0.04930350648,
        0.04614348548,
        0.06194417048000001,
        0.06657177948,
        0.06095639248,
        0.05295664548000001,
        0.06941628048,
        0.06498564848,
        0.048835164480000005,
        0.04765543748000001,
        0.05086726348000001,
        0.07061279948,
        0.050390327480000004,
        0.046112527480000005,
        0.06419622448,
        0.047356927480000005,
        0.06481027148,
        0.04889064548000001,
        0.057282777480000005,
        0.055333925480000004,
        0.047593615480000004,
        0.050072038480000004,
        0.06967014148,
        0.05498192348000001,
        0.04680190948000001,
        0.05204057948000001,
        0.055582527480000005,
        0.051159069480000006,
        0.07762352548,
        0.06740125948,
        0.051597997480000005,
        0.04706064948000001,
        0.051296952480000005,
        0.048516414480000006,
        0.052160679480000006,
        0.052429468480000005,
        0.06273957648,
        0.05113254048,
        0.06427900748,
        0.09397889148,
        0.05720973948000001,
        0.050820444480000004,
        0.05036628748000001,
        0.05578970448000001,
        0.05957990448000001,
        0.05730650148000001,
        0.05045590548000001,
        0.050973166480000005,
        0.04889591748,
        0.04879543548,
        0.07650308148,
        0.07530805548,
        0.05689027548000001,
        0.047941604480000004,
        0.04742569948000001,
        0.04955031648,
        0.04580130048000001,
        0.047758770480000004,
        0.05478524348,
        0.051245145480000004,
        0.05082000348000001,
        0.048494887480000005,
        0.048762459480000006,
        0.04880309448,
        0.049638913480000005,
        0.05015380448000001,
        0.04976488048,
        0.055084268480000004,
        0.049221017480000004,
        0.052035563480000005,
        0.04651649948000001,
        0.052258458480000006,
        0.05402811348000001,
        0.050874321480000005,
        0.04705529848000001,
        0.04564148248,
        0.05944395948,
        0.053548313480000005,
        0.07490169848,
        0.06251559648,
        0.05085076048000001,
        0.046414651480000006,
        0.04967083448,
        0.05216105748000001,
        0.05306865748,
        0.054724954480000004,
        0.05209465348,
        0.05194736348000001,
        0.07141518848,
        0.06186853248000001,
        0.04987788848000001,
        0.057958166480000003,
        0.05906370048000001,
        0.05777900448000001,
        0.048277661480000005,
        0.05009131348,
        0.05359931048,
        0.057926495480000006,
        0.05978939548000001,
        0.05078166248,
        0.04937161248000001,
        0.04865769348000001,
        0.05613061248000001,
        0.055042079480000006,
        0.07374163848,
        0.06725624248,
        0.04783105848000001,
        0.048814693480000004,
        0.05591057448,
        0.06108674648000001,
        0.06129970448000001,
        0.05875386148,
        0.05666676148000001,
        0.058051684480000004,
        0.05281122648000001,
        0.048208199480000005,
        0.07038568348,
        0.05530668248000001,
        0.05417805148,
        0.05451971448000001,
        0.05074346048,
        0.05560420748000001,
        0.06381791048,
        0.07537560148,
        0.05698009448000001,
        0.06127297148000001,
        0.052710435480000005,
        0.046969454480000006,
        0.057402847480000005,
        0.058809908480000006,
        0.10195562948,
        0.09190765448,
        0.06744625648,
        0.06293902048,
        0.08487307548,
        0.07316239248,
        0.058086803480000004,
        0.059727097480000005,
        0.06151238448000001,
        0.06290621648,
        0.054320143480000006,
        0.05204217248,
        0.06310584648,
        0.06009384148000001,
        0.06521320948,
        0.06282450648,
        0.04999137648,
        0.04984624648000001,
        0.05632287048000001,
        0.06614823048,
        0.05112793048000001,
        0.05803509248000001,
        0.06512672948,
        0.06527782848,
        0.08021242048,
        0.07853993948,
        0.058374451480000006,
        0.05623628648000001,
        0.05733402248,
        0.06022504448,
        0.057997433480000006,
        0.06402285448,
        0.05674062748000001,
        0.05577120948000001,
        0.07623802148,
        0.08086806348,
        0.06811365048,
        0.06291520248,
        0.06909613048,
        0.06738851848,
        0.06818519148,
        0.06641881648,
        0.05996232748000001,
        0.055405913480000006
      ],
      "exit_codes": [
        0,
        0,
        0,
        0,
        0,
        0,
        0,
        0,
        0,
        0,
        0,
        0,
        0,
        0,
        0,
        0,
        0,
        0,
        0,
        0,
        0,
        0,
        0,
        0,
        0,
        0,
        0,
        0,
        0,
        0,
        0,
        0,
        0,
        0,
        0,
        0,
        0,
        0,
        0,
        0,
        0,
        0,
        0,
        0,
        0,
        0,
        0,
        0,
        0,
        0,
        0,
        0,
        0,
        0,
        0,
        0,
        0,
        0,
        0,
        0,
        0,
        0,
        0,
        0,
        0,
        0,
        0,
        0,
        0,
        0,
        0,
        0,
        0,
        0,
        0,
        0,
        0,
        0,
        0,
        0,
        0,
        0,
        0,
        0,
        0,
        0,
        0,
        0,
        0,
        0,
        0,
        0,
        0,
        0,
        0,
        0,
        0,
        0,
        0,
        0,
        0,
        0,
        0,
        0,
        0,
        0,
        0,
        0,
        0,
        0,
        0,
        0,
        0,
        0,
        0,
        0,
        0,
        0,
        0,
        0,
        0,
        0,
        0,
        0,
        0,
        0,
        0,
        0,
        0,
        0,
        0,
        0,
        0,
        0,
        0,
        0,
        0,
        0,
        0,
        0,
        0,
        0,
        0,
        0,
        0,
        0,
        0,
        0,
        0,
        0,
        0,
        0,
        0,
        0,
        0,
        0,
        0,
        0,
        0,
        0,
        0,
        0,
        0,
        0,
        0,
        0,
        0,
        0,
        0,
        0,
        0,
        0,
        0,
        0,
        0,
        0,
        0,
        0,
        0,
        0,
        0,
        0,
        0,
        0,
        0,
        0,
        0,
        0,
        0,
        0,
        0,
        0,
        0,
        0,
        0,
        0,
        0,
        0,
        0,
        0
      ]
    }
  ]
}
