{
  "results": [
    {
      "command": "generated/gcc_fortify_3 -I/home/livian/tcc_bench/tinycc/include -c testfiles/speedbench.c",
      "mean": 0.04923873757000002,
      "stddev": 0.0031145302879033994,
      "median": 0.04885598086000001,
      "user": 0.04306964999999998,
      "system": 0.006050004199999997,
      "min": 0.045028543360000006,
      "max": 0.07960037836,
      "times": [
        0.049477549360000005,
        0.049466670360000006,
        0.049355777360000005,
        0.04631484936000001,
        0.050725557360000006,
        0.052542730360000005,
        0.046778692360000006,
        0.05103806436,
        0.05087774836000001,
        0.049177441360000004,
        0.05111026036000001,
        0.048007970360000006,
        0.050253493360000005,
        0.05096031436000001,
        0.04849469236000001,
        0.04823249736000001,
        0.04910364736000001,
        0.04960731736000001,
        0.050648020360000004,
        0.05003155636000001,
        0.05154000936000001,
        0.050798947360000006,
        0.04851881336,
        0.049147425360000004,
        0.048860640360000006,
        0.04822087036000001,
        0.05160602536000001,
        0.04904430036000001,
        0.047646206360000005,
        0.04889444836000001,
        0.049816336360000005,
        0.05252576736000001,
        0.049079321360000004,
        0.047980537360000006,
        0.053414131360000006,
        0.047698109360000004,
        0.04852493436000001,
        0.04874321636000001,
        0.05117341836000001,
        0.048997614360000004,
        0.048240453360000005,
        0.04894252936000001,
        0.048570682360000006,
        0.05041609836000001,
        0.048489888360000004,
        0.050201740360000004,
        0.04761809736000001,
        0.050169188360000005,
        0.04599317036000001,
        0.050923474360000005,
        0.04900152336000001,
        0.050551690360000005,
        0.050836034360000004,
        0.046745615360000006,
        0.051258873360000005,
        0.049036459360000006,
        0.047273802360000006,
        0.04561458836000001,
        0.049033285360000005,
        0.04684985136000001,
        0.047028483360000005,
        0.049679745360000006,
        0.052191471360000005,
        0.04804543236000001,
        0.049728627360000006,
        0.06142043736000001,
        0.05162146536000001,
        0.04811485436000001,
        0.04681126036000001,
        0.048702172360000004,
        0.04610879936000001,
        0.048856267360000004,
        0.04953828536,
        0.04738623436000001,
        0.04795200436000001,
        0.048711119360000006,
        0.047203918360000006,
        0.04776184436000001,
        0.053623806360000005,
        0.04663737936000001,
        0.045963874360000004,
        0.05104122036000001,
        0.05453430536000001,
        0.04731653236,
        0.049401274360000004,
        0.04507146336000001,
        0.051230480360000004,
        0.04516001236000001,
        0.049288901360000005,
        0.04567725836000001,
        0.050091250360000006,
        0.04828400536000001,
        0.04918663536000001,
        0.04870486736000001,
        0.050180670360000006,
        0.049848727360000004,
        0.047064602360000006,
        0.05037957836,
        0.04629237136000001,
        0.047569665360000006,
        0.047188087360000006,
        0.04870693236,
        0.046504254360000004,
        0.045442161360000004,
        0.05131036236000001,
        0.047192515360000006,
        0.04995683336000001,
        0.051093890360000005,
        0.04754738136000001,
        0.05033424336000001,
        0.04771663436,
        0.049949128360000004,
        0.048523131360000006,
        0.051611106360000006,
        0.047177528360000005,
        0.048416969360000006,
        0.046068965360000005,
        0.04789614636000001,
        0.046439130360000004,
        0.049300622360000004,
        0.045028543360000006,
        0.04531151136000001,
        0.048632920360000005,
        0.048676453360000004,
        0.05031620836,
        0.049773494360000003,
        0.048716709360000006,
        0.047690936360000005,
        0.048368553360000004,
        0.04960917136000001,
        0.047233581360000006,
        0.046368084360000006,
        0.047955490360000005,
        0.07960037836,
        0.056420780360000006,
        0.04898164136000001,
        0.04542646336000001,
        0.046239260360000006,
        0.054062456360000004,
        0.04726618736,
        0.049352097360000007,
        0.048804696360000004,
        0.050131011360000005,
        0.047186403360000004,
        0.048081123360000005,
        0.05674011936000001,
        0.04802642436000001,
        0.051885814360000004,
        0.050628808360000006,
        0.05067512836000001,
        0.05405360536000001,
        0.045818728360000005,
        0.04941455536000001,
        0.05047075336000001,
        0.04853027536000001,
        0.04778780936000001,
        0.051038234360000004,
        0.04790281936000001,
        0.04988433636,
        0.046940354360000006,
        0.04989074736000001,
        0.048528882360000004,
        0.051239967360000006,
        0.04795145236000001,
        0.049725768360000006,
        0.04795975736000001,
        0.05278984736000001,
        0.04885569436000001,
        0.04891098036000001,
        0.05020727136000001,
        0.050609947360000004,
        0.047738435360000005,
        0.04680018936000001,
        0.047657331360000006,
        0.051075144360000005,
        0.048676503360000005,
        0.04661883336000001,
        0.055412529360000004,
        0.04620908136000001,
        0.048587424360000006,
        0.050145633360000004,
        0.048721208360000004,
        0.052205789360000004,
        0.047329841360000006,
        0.051203613360000004,
        0.04907487336000001,
        0.05012737736000001,
        0.04603973036,
        0.04758204236000001,
        0.047359704360000004,
        0.05147488536000001,
        0.04796008236,
        0.047164422360000006,
        0.04730838636,
        0.04831230936000001,
        0.048495750360000006,
        0.04783598136000001,
        0.050659262360000006,
        0.05015664836000001,
        0.05012196236000001
      ],