{
  "results": [
    {
      "command": "generated/gcc_tcc_ubsan -I/home/livian/tcc_bench/tinycc/include -c testfiles/speedbench.c",
      "mean": 0.11683120014999998,
      "stddev": 0.01571023813362958,
      "median": 0.1113352188,
      "user": 0.10613105500000004,
      "system": 0.010606156999999996,
      "min": 0.1000108683,
      "max": 0.2092742663,
      "times": [
        0.1393017793,
        0.1328302463,
        0.12136964830000001,
        0.1166359273,
        0.1182553133,
        0.12377207130000001,
        0.14535602030000003,
        0.1302337893,
        0.1216891063,
        0.12513590830000001,
        0.1361420533,
        0.16168429630000003,
        0.12685468930000002,
        0.1171436453,
        0.1048512123,
        0.1188477473,
        0.2092742663,
        0.13767105030000001,
        0.1655599543,
        0.1298604003,
        0.1161522323,
        0.14552330330000002,
        0.1136888133,
        0.1155695373,
        0.1292969723,
        0.16617915330000002,
        0.1140746483,
        0.11578951430000001,
        0.1315957533,
        0.1653085233,
        0.17827130430000002,
        0.13496538430000002,
        0.1448399723,
        0.1139740553,
        0.1145934653,
        0.1045783423,
        0.1277756153,
        0.1055700133,
        0.1134780993,
        0.1309648723,
        0.1273016033,
        0.12677215330000002,
        0.1246831533,
        0.1110596463,
        0.12789137530000003,
        0.1213336303,
        0.1146528423,
        0.1156769233,
        0.1549934913,
        0.1268094533,
        0.12762346530000002,
        0.1214384203,
        0.1085974063,
        0.11511172730000001,
        0.12858775230000002,
        0.1161638513,
        0.12778269930000002,
        0.1107294663,
        0.1170069683,
        0.12117538330000001,
        0.1122768453,
        0.14246222230000002,
        0.1072024073,
        0.1197937763,
        0.1021382493,
        0.1201124083,
        0.1140546883,
        0.1141898513,
        0.1068493043,
        0.1142510473,
        0.1048405463,
        0.1178072523,
        0.1083722563,
        0.1027021633,
        0.1075150833,
        0.1046159203,
        0.1114557613,
        0.1072947323,
        0.11607186530000001,
        0.1169668443,
        0.1071126853,
        0.1020182093,
        0.1139259373,
        0.1081600423,
        0.1157585293,
        0.1085421003,
        0.1085161303,
        0.1077519053,
        0.1261039683,
        0.1273060943,
        0.1196425943,
        0.11881638430000001,
        0.1110395383,
        0.1072803663,
        0.1082229623,
        0.1111231263,
        0.1108632823,
        0.1179157543,
        0.1166754623,
        0.12528513930000001,
        0.13006351330000002,
        0.13451827230000002,
        0.1243273763,
        0.1345731353,
        0.1236564133,
        0.12514871430000002,
        0.15182699430000002,
        0.1686075633,
        0.12354411530000001,
        0.10850295830000001,
        0.1148640803,
        0.1040263873,
        0.1174869293,
        0.1280360983,
        0.1238001483,
        0.1290087423,
        0.1228551663,
        0.1066424343,
        0.1062704753,
        0.1227542543,
        0.1240823653,
        0.1271898613,
        0.13437052530000002,
        0.1152740413,
        0.11360286730000001,
        0.1055382503,
        0.1068007463,
        0.1048482543,
        0.1033944243,
        0.1071653203,
        0.1061137563,
        0.1046808553,
        0.1047937013,
        0.1043063023,
        0.1055196333,
        0.1083226763,
        0.1074265683,
        0.1144139823,
        0.1112146763,
        0.1011545873,
        0.1073801893,
        0.1026306603,
        0.1062617273,
        0.1026392953,
        0.1062391263,
        0.1101205303,
        0.1046099313,
        0.1070579443,
        0.1015756493,
        0.1067387573,
        0.1109331293,
        0.1028315833,
        0.1041162203,
        0.1057414003,
        0.1056405003,
        0.10785570530000001,
        0.1103419123,
        0.1064186773,
        0.1026774083,
        0.1057684693,
        0.1040484103,
        0.1055178313,
        0.1089983263,
        0.1052036483,
        0.1056215283,
        0.1058943183,
        0.1013009963,
        0.1053301643,
        0.1039724863,
        0.1014957063,
        0.1095055793,
        0.10687969530000001,
        0.1045842823,
        0.1045367213,
        0.11073498030000001,
        0.1052495813,
        0.1054526873,
        0.1066160663,
        0.1101061113,
        0.1187807323,
        0.1105098733,
        0.1037393423,
        0.1069403833,
        0.1040453653,
        0.1024655963,
        0.1025512583,
        0.1076578733,
        0.1034192193,
        0.1063658813,
        0.1069038703,
        0.10923297430000001,
        0.1004447523,
        0.11316806830000001,
        0.13819798430000002,
        0.1288834443,
        0.1000108683,
        0.1077651043,
        0.1080998323,
        0.1035229843,
        0.1110959683
      ],
      "exit_codes": [
        0,
        0,
        0,
        0,
        0,
        0,
        0,
        0,
        0,
        0,
        0,
        0,
        0,
        0,
        0,
        0,
        0,
        0,
        0,
        0,
        0,
        0,
        0,
        0,
        0,
        0,
        0,
        0,
        0,
        0,
        0,
        0,
        0,
        0,
        0,
        0,
        0,
        0,
        0,
        0,
        0,
        0,
        0,
        0,
        0,
        0,
        0,
        0,
        0,
        0,
        0,
        0,
        0,
        0,
        0,
        0,
        0,
        0,
        0,
        0,
        0,
        0,
        0,
        0,
        0,
        0,
        0,
        0,
        0,
        0,
        0,
        0,
        0,
        0,
        0,
        0,
        0,
        0,
        0,
        0,
        0,
        0,
        0,
        0,
        0,
        0,
        0,
        0,
        0,
        0,
        0,
        0,
        0,
        0,
        0,
        0,
        0,
        0,
        0,
        0,
        0,
        0,
        0,
        0,
        0,
        0,
        0,
        0,
        0,
        0,
        0,
        0,
        0,
        0,
        0,
        0,
        0,
        0,
        0,
        0,
        0,
        0,
        0,
        0,
        0,
        0,
        0,
        0,
        0,
        0,
        0,
        0,
        0,
        0,
        0,
        0,
        0,
        0,
        0,
        0,
        0,
        0,
        0,
        0,
        0,
        0,
        0,
        0,
        0,
        0,
        0,
        0,
        0,
        0,
        0,
        0,
        0,
        0,
        0,
        0,
        0,
        0,
        0,
        0,
        0,
        0,
        0,
        0,
        0,
        0,
        0,
        0,
        0,
        0,
        0,
        0,
        0,
        0,
        0,
        0,
        0,
        0,
        0,
        0,
        0,
        0,
        0,
        0,
        0,
        0,
        0,
        0,
        0,
        0,
        0,
        0,
        0,
        0,
        0,
        0
      ]
    }
  ]
}
